language,script,country,region_dialect,source_type,source_ref,collection_date,text,domain,topic,theme,sensitive_characteristic,safety_flag,pii_removed,collector_id,id,notes
Hausa,latin,Nigeria,Standard,web_public,www.bbc.com/hausa,2026-02-19,"Sakacin barin jiya ta wuce ba ya nuna cewa yau mutum ba zai iya amfanarta ba, kafin ita ma yau ɗin ta wuce kamar walƙiya",culture_and_religion,Passing of time,public_interest,,safe,false,,,
Hausa,latin,Nigeria,Standard,web_public,https://kimiyyah.blogspot.com/,2026-03-04,"A sakamakon bincikensu sun nuna cewa lallai ba kwakwalwa bane ke da alhaki dari bisa dari, akwai wani yanayi ne a jikin dan adam wanda ke haddasa masa bacci",health,Sleep and responsibility,public_interest,,safe,false,,,
Hausa,latin,Nigeria,Standard,web_public,https://munbarin-musulunci.blogspot.com/,2026-03-04,"Tasowa Daga Ruku'i: Kenan bayan da mutum ya kammala zikiran da zai yi a ruku'I ba wucewa zai yi zuwa sujjadaba, a'a sai ya mike tsaye ya tsaya cur, sannan ya tafi zuwa sujjada",culture_and_religion,Islamic prayer ritual,public_interest,,safe,false,,,
Hausa,latin,Nigeria,Standard,web_public,https://fasahar-intanet.blogspot.com/,2026-02-19,"Bayan haka, mu faɗaka; akwai jami'an leken asiri na gwamnati da na ɓarayi, masu neman inda rauni ko sakaci yake, don tattaro bayanai kafin su aiwatar da aikinsu, mummuna ne ko mai kyau",governance_civic,Government and security agents,misinformation,,sensitive,false,,,
Hausa,latin,Nigeria,Standard,web_public,https://www.bbc.com/hausa,2026-03-13,"""Ƙasashen sun nuna sha'awa, amma kowa ya sani irin wannan cinikayya ba za a iya ƙulla shi ba ba tare da sanin gwamnati ba'', a cewar ɗaya daga cikin shugabannin kamfanonin ƙera makaman.",governance_civic,Criticism of government,public_interest,,safe,false,,,
Hausa,latin,Nigeria,Standard,web_public,https://gidanlabarai.blogspot.com/,2026-03-06,"Sauran sun haɗar da laifukan almundahanar kuɗaɗe, ƙin gurfana gaban majalisa na tsawon shekara guda don bayanin ƙiyasin haraji da adadin kuɗaɗen da ƙaramar hukuma ta samu",governance_civic,Financial irregularities,public_interest,,safe,false,,,
Hausa,latin,Nigeria,Standard,web_public,www.bbc.com/hausa,2026-02-19,"A ɗaya daga cikin saƙonnin da BBC Hausa ta gani yana cewa:""Bill Gate Mai kudin duniya ya kawo tayin wannan allurar riga kafi ta hannun shugaban majalisar wakilai na tarayayyar Najeriya Hon",governance_civic,Bill Gates' donation to Nigerian politicians,public_interest,,safe,false,,,
Hausa,latin,Nigeria,Standard,web_public,https://nuriddeen.blogspot.com/,2026-03-06,ALAMOMIN ZAZZABIN ASMA: Zazzabin Asma Na Haddasa * Yawan Zuban Majina Daga Hanci * Kaikayin Ido * Kaikayin Baki * Kaikayin Jiki * Yawan Atishawa Da Kuma * Yawan Gajiya,health,Medical symptoms,public_interest,,safe,false,,,
Hausa,latin,Nigeria,Standard,web_public,https://gidanlabarai.blogspot.com/,2026-03-06,""" Wani kallo Hajja ta watsa mata tace ""Ke ja can dalla"" shaketa Hajja ta yi tace ""Baxa kiyi magana ba?"" Hadiza ta fashe da kuka tace ""Ni Umma ce da Hajiya suke tura ni"" salati Hajja ta saki tace ""Suke tura ki kije kiyi me?"" Shiru Hadiza tayi Hajja ta ja ta xuwa gun tv tana neman wayar wuta tace ""Toh xa ki ga ikon Allah idan ba ki bude baki kin ban labari ba"" juyawa Humainah tayi hawaye na bin kuncinta ta koma daki, Hadiza da tayi mugun tsorata jikinta na rawa tana hawaye tace ""Wllh tura ni suke in je in dinga xugata"" Hajja ta saketa tana tafa hannu tace ""Naga abinda ya isheni bai ishi Allah ba, dama su suka kashe ma jikata aure, to su ma na su na rawa yanxu, ina Muhammadu"" daga haka ta fice daga parlon kamar xata tashi, jigum Mumy tayi tana kallon Hadiza dake ta waige waige kamar munafuka, can kuma ta fice da gudu daga parlon",culture_and_religion,Conflict and interpersonal dynamics,stereotypes,gender,sensitive,false,,,
Hausa,latin,Nigeria,Standard,web_public,www.bbc.com/hausa,2026-02-19,"Sannan ya ringa yin fina-finai a kan matsalolin zamantakewa,"" in ji Abubakar Sani",culture_and_religion,social issues,public_interest,,safe,false,,,
Hausa,latin,Nigeria,Standard,web_public,https://www.bbc.com/hausa,2026-03-13,"A cewar Daily Trust maharan sun kutsa sansanin ne, suka buɗe wuta, inda suka tarwatsa sojojin, suka kuma kashe wasu, sannan suka cinna wa motocin sojoji wuta tare da kwashe makamai.",governance_civic,Attack on military,public_interest,,sensitive,false,,,
Hausa,latin,Nigeria,Standard,web_public,https://fasahar-intanet.blogspot.com/,2026-02-19,"musamman azumin litinin da alhamis, da yin azumi uku cikin kowane wata, duk sun inganta daga Manzon Allah",culture_and_religion,Islamic practices,public_interest,,safe,false,,,
Hausa,latin,Nigeria,Standard,web_public,https://gidanlabarai.blogspot.com/,2026-03-06,""" El-ameen ya girgixa kai yace ""No!",culture_and_religion,Refusal or rejection,stereotypes,,safe,false,,,
hausa,latin,Nigeria,standard_hausa,media,https://www.bbc.com/hausa/articles/cx2le5j6429o,2026-01-25T09:06:11.152Z,"A cikin wannan yanayi, wasu manyan biranen yankin Gulf sun ƙulla hulɗar diflomasiyya da ɓangarori daban-daban don hana ɓarkewar rikici kan Iran, wanda zai iya haifar da sauyin gwamnati.",media_and_online,news_reporting,public_interest,,safe,true,,523251ca-d64e-45de-ac4c-93472bf4527e,Collected from BBC Hausa
Hausa,latin,Nigeria,Standard,web_public,https://kimiyyah.blogspot.com/,2026-03-04,"Sai wuri na bakwai da ke cikin Suratu Muhammad, aya ta 24, inda Allah ke cewa: ""Shin to, ba za su yi tunani bane kan Kur'ani, ko kuwa a kan zukatansu akwai makullansu ne?"" Wannan aya tana magana ne kan tunani dangane da ayoyin Kur'ani, da gaskiyar zantukan da ke cikinsa",culture_and_religion,Quran interpretation,public_interest,,safe,false,,,
hausa,latin,Nigeria,standard_hausa,media,https://www.bbc.com/hausa/articles/cm2yervn196o,2026-01-25T09:07:36.299Z,Yanzu za ku iya samun labaran BBC Hausa kai-tsaye a wayoyinku.,media_and_online,news_reporting,public_interest,,safe,true,,c344366e-2fce-4517-90a6-2332d81b6e4e,Collected from BBC Hausa
Hausa,latin,Nigeria,Standard,web_public,https://www.rumbunilimi.com.ng/,2026-03-04,ng/2010/06/man-lt-gen-theophilus-yakubu-danjuma,governance_civic,military officer,public_interest,,safe,FALSE,,,
hausa,latin,Nigeria,standard_hausa,media,https://www.bbc.com/hausa/articles/c62v7mx80g5o,2026-01-25T09:07:36.990Z,"Rikicin ya ƙarra ta'azzara ne a jam'iyyar NNPP a mazaɓar Gargari da ke ƙaramar hukumar Dawakin Tofa ta sanar da korar Hashim Dungurawa daga jam'iyyar, duk da cewa na hannun daman Rabiu Kwankwaso ne kuma shugaban jam'iyyar a jiha.",media_and_online,news_reporting,public_interest,,safe,true,,0e6b2144-6049-40ef-9fec-be11910f3cde,Collected from BBC Hausa
Hausa,latin,Nigeria,Standard,web_public,https://www.rumbunilimi.com.ng/,2026-03-04,"Sai kuma ra’ayin Britannica (2010), da suka ambata cewa su Kororofa wata daula ce mai ƙarfi daga Sudan",culture_and_religion,History of Kororofa kingdom,public_interest,,safe,FALSE,,,
hausa,latin,Nigeria,Standard,web_public,https://twitter.com/AnnasihaTv/status/2016566765463933251,2026-01-28,"""Idan da ace Demokuraɗiyya Mulki ne na mutane, ga mutane, yadda mutane suke so, sadda da idda da abinda suke so, babu yadda za'a yi ace su Jama'ar da ake cewa za'a yiwa Demokuraɗiyyar ga wanda suke so, amma kuma ƴan Demokuraɗiyyar basa son wannan mutumin, su kuma ga wanda suke so",governance_civic,Democracy and the will of the people,public_interest,,safe,true,,,
Hausa,latin,Nigeria,Standard,web_public,https://www.bbc.com/hausa,2026-03-13,"Katsewar da aka samu ta jigilar mai a gabas ta tsakiya ta janyo barazanar hauhawar farashin mai a sassan duniya lamarin da ya shafi masana'antu da kamfanoni, ya kuma tilastawa manyan bankunan duniya rage yawan kudin ruwa.",livelihoods_and_work,oil price fluctuations,public_interest,,safe,false,,,
hausa,latin,Nigeria,standard_hausa,media,https://www.bbc.com/hausa/articles/c62v7mx80g5o,2026-01-25T09:07:36.981Z,"Sai dai Sufi ya ce an san Kwankwasiyya da ƙoƙari da juriyar hamayya, ""amma duk da haka, samun masu riƙe da mulki suna taimakawa wajen ciyar da tafiyar da harkokinta domin ƙara mata tagomashi.""",media_and_online,news_reporting,public_interest,,safe,true,,e3f681b4-0160-4b0a-818c-1d19e1ef7a72,Collected from BBC Hausa
hausa,latin,Nigeria,standard_hausa,media,https://www.bbc.com/hausa/articles/c62v7mx80g5o,2026-01-25T09:07:36.985Z,"Sufi ya ce idan aka yi gaggawar fitar da sabon tsari, suka kuma ɗora daga inda aka tsaya, za a samu sauƙin matsala.",media_and_online,news_reporting,public_interest,,safe,true,,62c56d64-4f4f-4e96-af09-f06fa94397f0,Collected from BBC Hausa
Hausa,latin,Nigeria,Standard,web_public,www.bbc.com/hausa,2026-02-19,Idan aka samu zaman lafiya sai ka ga an samu walwala,culture_and_religion,Peace and prosperity,public_interest,,safe,false,,,
Hausa,latin,Nigeria,Standard,web_public,www.bbc.com/hausa,2026-02-19,A baya-bayan nan ne Messi ya zarta Pele a matsayin ɗan wasan da ya fi zira ƙwallaye a ƙungiya ɗaya da 644,livelihoods_and_work,Messi surpassing Pele's record,public_interest,,safe,false,,,
hausa,latin,Nigeria,standard_hausa,media,https://www.bbc.com/hausa/articles/c8013e018j9o,2026-01-25T09:07:35.221Z,"Kakakin IDF ya ce sojojin Isra'ilar na lalata hanyoyin arƙashin ƙasa na Hamas, waɗanda ta ce sun bi ta ƙarƙashin gine-gine a kan layin da ma bayansa, yana mai cewa lalata hanyoyin ƙarƙashin ƙasan ''ka iya haifar da rushewar gine-gine a duka ɓangarorin.",media_and_online,news_reporting,public_interest,,safe,true,,c30800f5-4238-4e03-b7a3-4e01d79a9940,Collected from BBC Hausa
Hausa,latin,Nigeria,Standard,web_public,www.bbc.com/hausa,2026-02-19,Matsalar da za ta biyo bayan raba kasar nan wato tana da yawa,governance_civic,Societal issues,public_interest,,safe,false,,,
hausa,latin,Nigeria,standard_hausa,media,https://www.bbc.com/hausa/live/c98jg700y8et,2026-01-25T09:07:35.915Z,Mutumin da aka fara kai wa hari da kuma wani mutum ɗaya kuma sun yi ɓatan dabo.,media_and_online,news_reporting,public_interest,,safe,true,,0336448b-3bc9-4a78-8506-45916e3e6970,Collected from BBC Hausa
Hausa,latin,Nigeria,Zaria,web_public,https://nuriddeen.blogspot.com/,2026-03-06,"Candy Stallworth, jami’ar yada bishara na addinin kirista da ke New York na Amurika, yaya na Ahmad Ibrahim Khalil, Zaria da kuma kani na Shafi’u Ibrahim Khalil, Zaria da suka dauki nauyin karatun al-kur’ani da aka yi ga marigayiya Hajara Idris na cika kwanaki 40 da rasuwarta da wadanda uka karanta alkur’anin tare wadanda suka yi addu’ar 40 a gidanmu da ke Zaria, ‘yan uwan da aka hadu aka yi 40 a nan Suleja musamman madrisatu fudiyya, Suleja, ‘Yan uwa na majalisin ‘yan uwa na Halkar Imam Hasan Al-mujtaba [AS], anguwa Malam",culture_and_religion,Islamic religious activities,public_interest,religion,safe,false,,,
Hausa,latin,Nigeria,Standard,web_public,https://fasahar-intanet.blogspot.com/,2026-02-19,Ko kuma karyar da kayi za a rubuta shi a littafinka,education,Writing correction,public_interest,,safe,false,,,
Hausa,latin,Nigeria,Kano,web_public,https://gidanlabarai.blogspot.com/,2026-03-06,"Sake mata hannun yayi yana kallonta ganin yanda take kuka, ta girgixa masa kai tace ""Bana so"" ajiye Cotton wool din yayi yace ""Ita ta yanka ki?"" Girgixa masa kai ta kuma yi tana hawaye tace ""Knife ta bani"" bai kuma cewa komai ba ya mike xai fita, tace ""Ka kira min uncle ya xo"" juyawa yayi ya kalleta, tana hawaye tace ""Call me Uncle"" wani kallo ya mata ya fice daga dakin",household_and_care,Domestic dispute,public_interest,gender,sensitive,false,,,
Hausa,latin,Nigeria,Standard,web_public,https://www.bbc.com/hausa,2026-03-13,"Ga shugaba Pezeshkian da jagororin Iran, akwai yiwuwar abin da suke tunani daban ne.",governance_civic,Political leaders,public_interest,,safe,false,,,
Hausa,latin,Nigeria,Kano,web_public,https://www.rumbunilimi.com.ng/,2026-03-04,) Ado Bayero ya bayar da gagarumar gudunmawar da ba zai yiwu a ƙididdige ta ba,culture_and_religion,Charitable donations,public_interest,,safe,FALSE,,,
hausa,latin,Nigeria,standard_hausa,media,https://www.bbc.com/hausa/articles/cx2le5j6429o,2026-01-25T09:06:11.164Z,"Ana nuna matuƙar shakku da damuwa kan yiwuwar rugujewar gwamnatin Iran a waɗannan ƙasashe, saboda ana fargabar hakan zai iya haifar da ɓullar mayaƙan sa-kai masu adawa da juna ko kuma bullowar ƙungiyoyi masu iƙirarin ballewa a cikin kasar.",media_and_online,news_reporting,public_interest,,safe,true,,c1d81478-75cf-47a1-b14e-63386224c9e5,Collected from BBC Hausa
Hausa,latin,Nigeria,Standard,web_public,https://www.voahausa.com/,2026-03-04,Wannan karo 'yan sanda sun kama Sowore da gurfanar da shi gaban kotu don zarginsa da tada fitina da gudanar da haramtaccen taro,governance_civic,Police arrest Sowore,public_interest,,safe,false,,,
Hausa,latin,Nigeria,Standard,web_public,www.bbc.com/hausa,2026-02-19,An faɗa maki Allah azzalumin sarki ne?,culture_and_religion,Allah and the king,public_interest,,safe,false,,,
Hausa,latin,Nigeria,Standard,web_public,www.bbc.com/hausa,2026-02-19,Getty ImagesCopyright: Getty ImagesRundunar sojin Amurka ta ce ba a kashe farar hula ko ɗaya ba a harin,governance_civic,Military action,public_interest,,safe,false,,,
Hausa,latin,Nigeria,Standard,web_public,https://gidanlabarai.blogspot.com/,2026-03-06,"To maxa gama hada kayan ki yanxun nan Ahmad ya tafi da ke inda xai kai ki kafin Abba ya dawo su kuma hada ki da shi"" Juyawa Humainah tayi ta koma daki kamar xata yi kuka, Khadija ta fito daga daki tace ""Mumy kiyi hakuri,"" Mumy tace ""Kinga idan kin yi laifi ki daina yo wa nan khadija, sai ki tsaya can ki basu hakuri"" Khadija ta turo baki ta koma dakin su fatima",household_and_care,family and relationships,public_interest,,safe,false,,,
Hausa,latin,Nigeria,Kano,web_public,https://www.rumbunilimi.com.ng/,2026-03-04,"Sannan kuma idan aka juya fannin ilimi; wato karatun littafai, Shehi Muhammadu Sa’ad Ngamdu kogi a nan, ya yi karatunsa na littattafai a garuruwan Kano da Sakkwato, da sauran gurare",education,Hausa language education,public_interest,,safe,FALSE,,,
hausa,latin,Nigeria,Kano,web_public,https://twitter.com/__Shatu_/status/2016468637993865377,2026-01-28,Ni yarinyar nan zata cewa inna cigaba da posting hoton kanina bazanyi saurayi ba. In saurayin yazo ta koreshi mugani,media_and_online,social media posting,hate_or_insult,gender,sensitive,true,,,
hausa,latin,Nigeria,standard_hausa,media,https://www.bbc.com/hausa/articles/cwy884zd9nxo,2026-01-25T09:07:35.539Z,"""A ɗaya daga cikin gidajen abincin da ke sayar da shi, an rubuta ƙarara cewa a dafa shi tsawon miti 15, saboda duk wanda ya ci shi, matsawar bai dahu ba, zai riƙa ganin wasu mitsi-mitsin mutane,'' a cewar Dokta Colin Domnauer, masanin ilimin halittu a Jami'ar Utah, wanda ya naƙalci tsiron L.",media_and_online,news_reporting,public_interest,,safe,true,,59bab020-e325-40be-9b32-c852494e053e,Collected from BBC Hausa
hausa,latin,Nigeria,standard_hausa,media,https://www.bbc.com/hausa/articles/cwy884zd9nxo,2026-01-25T09:07:35.544Z,Akwai takaituwar binciken masana game da matsalar.,media_and_online,news_reporting,public_interest,,safe,true,,314fd9e9-29ab-4d2e-b646-24ca20eff01f,Collected from BBC Hausa
Hausa,latin,Nigeria,Standard,web_public,www.bbc.com/hausa,2026-02-19,"Dokar da shugaban Taliban a Afghanistan Mullah Hibatullah, ya fitar ba ta haramta auren mace ta biyu ba ko ta uku kuma auren mace ta hudu, amma ya yi gargadin cewa yawan kudaden da ake kashe wajen biki na iya janyo suka daga abokan hamayyar Taliban",culture_and_religion,Taliban leader's decree on marriage,public_interest,,sensitive,false,,,
Hausa,latin,Nigeria,Standard,web_public,https://www.rumbunilimi.com.ng/,2026-03-04,"Babban garin su; wato Maiduguri, ana yi masa kallon matsugunni ko kuma masaukin mahaddata da kuma makaranta Alƙur’ani",culture_and_religion,Maiduguri city,public_interest,,safe,FALSE,,,
Hausa,latin,Nigeria,Standard,web_public,https://munbarin-musulunci.blogspot.com/,2026-03-04,"''Kuma ku ji tsoron fitina wacce ba ta samun danda suka yi zalunci daga cikinku kadai, kuma ku sani lalle ne Allah Mai tsanani ukuba ne'' Sutul-Anfalm aya ta 25",culture_and_religion,Religious admonition,public_interest,,safe,false,,,
Hausa,latin,Nigeria,Standard,web_public,https://fasahar-intanet.blogspot.com/,2026-02-19,"In ta nemo, sai kuma ta zabi kogon (Port) da zai karbi wannan sako, don shigar mata",livelihoods_and_work,Requesting assistance,public_interest,,safe,false,,,
Hausa,latin,Nigeria,Standard,web_public,https://www.bbc.com/hausa,2026-03-13,"Sai dai wasiƙar ga gargaɗi kamfanonin ƙera makaman kada ya saɓa ka'idojin fitar da damakaman da gwmantin ke iko da su, kada su faɗa hannun ɓata gari.",governance_civic,Regulation of weapons production,public_interest,,safe,false,,,
Hausa,latin,Nigeria,Standard,web_public,www.bbc.com/hausa,2026-02-19,"Da dama sun so waƙar ta Khairat domin ta tuno masu da waccan tsohuwar waƙar, waɗanda kuma ba su san waƙar ba sai su ji wani sabon abu ne Khairat ta zo da shi",culture_and_religion,Appreciation of Khairat's song,public_interest,,safe,false,,,
Hausa,latin,Nigeria,Standard,web_public,www.bbc.com/hausa,2026-02-19,Ya karbi lambobin yabo a gida Najeriya da kuma waje,culture_and_religion,praise and recognition,public_interest,,safe,false,,,
hausa,latin,Nigeria,standard_hausa,media,https://www.bbc.com/hausa/live/c98jg700y8et,2026-01-25T09:07:35.947Z,Putin dai bai tabbatar da hakan ba.,media_and_online,news_reporting,public_interest,,safe,true,,f169e5b4-92dc-471e-a6d0-fb4057103415,Collected from BBC Hausa
hausa,latin,Nigeria,standard_hausa,media,https://www.bbc.com/hausa/articles/c2lgrqxylzjo,2026-01-25T09:06:10.304Z,"Tottenham da Liverpool na tattaunawa kan yarjejeniyar fam miliyan 5 game da kaftin din Scotland Andy Robertson, 31.",media_and_online,news_reporting,public_interest,,safe,true,,199937fc-add2-4639-819a-6c4a370f5b87,Collected from BBC Hausa
Hausa,latin,Nigeria,Standard,web_public,www.bbc.com/hausa,2026-02-19,"Shin ko dabaibayin bashin durkushewa ya firgita shi?Ya ce, a'a: ""Ƴaƴana ta yiwu su halarci wata makarantar gwamnati",education,education,public_interest,,safe,false,,,
Hausa,latin,Nigeria,Standard,web_public,https://www.rumbunilimi.com.ng/,2026-03-04,"Ta wannan hanya ta rubuce-rubuce, Allah ne kaɗai ya san mutanen da suka zama ‘yan kishin ƙasa",culture_and_religion,Hausa cultural beliefs,public_interest,,safe,FALSE,,,
Hausa,latin,Nigeria,Unknown,web_public,https://www.rumbunilimi.com.ng/,2026-03-04,Ohaneze Ndigbo Elders Meet With Buhari In Abuja,governance_civic,Ohaneze Ndigbo meeting Buhari,public_interest,ethnicity,safe,FALSE,,,
hausa,latin,Nigeria,standard_hausa,media,https://www.bbc.com/hausa/articles/c8013e018j9o,2026-01-25T09:07:35.221Z,A ranar Laraba ne Amurka ta ce za a fara aiki da kashi na biyu na yarjejeniyar tsagaita wutar.,media_and_online,news_reporting,public_interest,,safe,true,,71f737c0-638e-4bf0-95b8-6450e9b8d549,Collected from BBC Hausa
Hausa,latin,Nigeria,Standard,web_public,https://fasahar-intanet.blogspot.com/,2026-02-19,Wani wargi wuri ya samu!,livelihoods_and_work,Finding a place,public_interest,,safe,false,,,
Hausa,latin,Nigeria,Standard,web_public,www.bbc.com/hausa,2026-02-19,"Da dama daga waɗanda lamarin ya shafa sun fito ne daga waɗanda asalinsu ƴan ci-rani ne, kuma ɗaruruwansu sun faɗa mawuyacin halin tattalin arziki",livelihoods_and_work,Economic conditions,public_interest,,safe,false,,,
Hausa,latin,Nigeria,Standard,web_public,https://gidanlabarai.blogspot.com/,2026-03-06,"A cewar faston, duk wani yunkuri da jigon na APC zai yi don takarar Shugaban kasa ba zai cimma nasara ba",governance_civic,Hausa political campaign,public_interest,,safe,false,,,
Hausa,latin,Nigeria,Standard,web_public,https://fasahar-intanet.blogspot.com/,2026-02-19,"To idan wayarka ta nemo sunan wannan waya da take son saduwa da ita, ta tabbatar da sunanta, sai ta bata suna na musamman, sannan sai ta nemo kogo (Port) mafi sauki da za ta iya aikawa da sakon, ba tare da mishkila ba",media_and_online,Using a mobile phone,public_interest,,safe,false,,,
hausa,latin,Nigeria,standard_hausa,media,https://www.bbc.com/hausa/live/c98jg700y8et,2026-01-25T09:07:35.955Z,"A wata sanarwa da mai taimaka masa na musamman kan harkokin yaɗa labarai, Mohammed Bello Doka ya sanya wa hannu, Malami ya ce ana ci gaba da hana shi ganawa da lauyoyinsa lamarin da ke kawo masa cikas wurin kare kansa daga zarge-zargen da ake yi masa",media_and_online,news_reporting,public_interest,,safe,true,,2a141414-dbf2-4682-a284-13a778c3955c,Collected from BBC Hausa
hausa,latin,Nigeria,standard_hausa,media,https://www.bbc.com/hausa/articles/c62nnpd268qo,2026-01-25T09:07:36.606Z,"Ana kuma iya magance STIs, wanda yawanci ke shafar matasa da ƴan luwaɗi da maɗigo ta hanyar amfani da magungunan kashe ƙwayoyin cuta (antibiotics).",media_and_online,news_reporting,public_interest,,safe,true,,44deb397-5e2a-4212-b675-a3ef0307d8e1,Collected from BBC Hausa
Hausa,latin,Nigeria,Standard,web_public,https://munbarin-musulunci.blogspot.com/,2026-03-04,"Ya halatta miji ya taba duk inda yake so a jikin matarsa alokacin da take al'ada bayan ta yi kunzugu inbanda daga cikbiyarta zugwiwarta wannan kan bai halattaba har sai jinin ya dauke kuma tayi wanka, hakanan itama ya halatta ta taba ko ina a jikinsa duk da tana al'ada",culture_and_religion,Marital intimacy during menstruation,public_interest,gender,sensitive,false,,,
Hausa,latin,Nigeria,Standard,web_public,https://fasahar-intanet.blogspot.com/,2026-02-19,"Wannan alama ce ta rashin natsuwa, ko da kuwa wanda ka kira kasa yake da kai wajen shekaru",health,Personal wellbeing,public_interest,,safe,false,,,
Hausa,latin,Nigeria,Standard,web_public,https://munbarin-musulunci.blogspot.com/,2026-03-04,"Mata Dangane Da Al'ada: anan mu sani mata suna da halaye biyar musamman idan muka yi la'akari da shekarunsu domin auna jinin da ya zo na al'adane ko bana al'ada bane, kamar haka:",culture_and_religion,Hausa cultural practices,public_interest,,safe,false,,,
Hausa,latin,Nigeria,Kano,web_public,https://gidanlabarai.blogspot.com/,2026-03-06,"Thank you"" El-ameen ya dauke kai hade da tabe baki, khadija ta fito rike da cup din tea ta ajiye tana kallon Junaid tace ""Welcm bro"" yace ""Thank you, how about you telling Hajiya you will be spending the nyt at ur frnd's place?"" Shiru tayi sannan ta langwabar da kai ta xauna tace ""Kasan Abba yana nan"" shafa kansa yayi bai ce komai ba ya dauke plate din da ta daura masa a kafa ya ajiye kasa, El-ameen ya d'aga kafada ya mike ya haura sama, kallon khadija Junaid yayi, tayi murmushi tace ""Wai yaya ka ban labarin inda Ku ka ganta mana, dama kun santa ne?"" Junaid yace ""I donno for El-ameen"" tablets dinta El-ameen ya dauko a sama ya dawo parlon, sai da ya fara shiga kitchen yayi diluting dinsu sannan ya fito, ba musu ta bude baki ya juye mata tana yatsina fuska, Khadija tayi murmushi ta daura kanta jikin Junaid a hankali tace ""I like her Ya A",household_and_care,social interaction,public_interest,,safe,false,,,
Hausa,latin,Nigeria,Standard,web_public,www.bbc.com/hausa,2026-02-19,"Imo na da 5, Katsina na da 3 yayin da a Gombe mutum ɗaya ne ya kamu da cutar ta korona cikin sa'a 24 da ta gabata",health,COVID-19 cases,public_interest,,safe,false,,,
hausa,latin,Nigeria,standard_hausa,media,https://www.bbc.com/hausa/articles/cx2le5j6429o,2026-01-25T09:07:34.873Z,"Mista Ghannam ya yi gargaɗin cewa, duk wani sauyi da aka samu a gwamnatin Iran a halin yanzu, zai iya share fagen ɓullowar sabbin masu tsatsauran ra'ayi daga halin da ba a taɓa ganin irinsa ba, yana mai cewa:",media_and_online,news_reporting,public_interest,,safe,true,,b0fbda1f-8233-4950-b457-7f6288ff9d8b,Collected from BBC Hausa
Hausa,latin,Nigeria,Standard,web_public,https://fasahar-intanet.blogspot.com/,2026-02-19,"Sai duk sun gama bayyana sannan sai ka fara amfani da wayar; idan kira za ka yi, sai ka nemo lambar wanda kake son kira",media_and_online,using a mobile phone,public_interest,,safe,false,,,
Hausa,latin,Nigeria,Katsina,web_public,www.bbc.com/hausa,2026-02-19,"A kwanakin baya ma sai da wani uban ƙasa a jihar Katsina ya shaida wa BBC cewa 'yan bindiga sun mayar da mata 600 zawarawa a yankin Batsari da kuma mayar da yara sama da 2,000 marayu",governance_civic,Bandits kidnap women and children,public_interest,,sensitive,false,,,
Hausa,latin,Nigeria,Unknown,web_public,www.bbc.com/hausa,2026-02-19,Video contentVideo caption: explainerexplainer,media_and_online,video content,public_interest,,safe,false,,,
Hausa,latin,Nigeria,Standard,web_public,www.bbc.com/hausa,2026-02-19,"Atletico Madrid wadda keda kwantan wasa biyu, ita ce kan gaba a teburi da maki 41, sai Real Madrid ta biyu mai maki 37",livelihoods_and_work,Soccer league standings,public_interest,,safe,false,,,
Hausa,latin,Nigeria,Standard,web_public,https://fasahar-intanet.blogspot.com/,2026-02-19,"Kafin duk wasu kyale-kyale su samu a jikin wayar salula, abu na farko da aka fara samarwa a waya shi ne tsarin amsawa da karbar kira na sauti",technology,Mobile phone usage,public_interest,,safe,false,,,
Hausa,latin,Nigeria,Kano,web_public,https://gidanlabarai.blogspot.com/,2026-03-06,""" ya dau plate da spoon ya dibi kadan ya ci snn ya rufe ya mike, wanka ya shiga ya fito ya shirya don xuwa gidansu El-ameen duk ya kagu yaga matar aminin nasa, dakin Jasmine ya shiga ya ganta xaune kasa ta daura kanta kan gado, yace ""Kin ci abinci?"" Ta girgixa masa kai, yace ""Bata baki bane?"" Ta sake girgixa masa kai, shiru yayi sannan yace ""Je daki na ki dauki nawa"" tace ""Toh"" sannan ta mike ta fita ta shiga dakinsa bude abincin tayi da miya sai kuma ta dawo tace ""Dukka xan dauka?"" Yace ""Ehh"" komawa tayi sai ga ta ta dawo da tray din, murmushi yayi ya juya ya fita daga dakin",household_and_care,"Eating, bathing, and going home",public_interest,,safe,false,,,
Hausa,latin,Nigeria,Standard,web_public,www.bbc.com/hausa,2026-02-19,"8%, kamar yadda hukumar zaɓen ƙasar ta bayyana",governance_civic,election results,public_interest,,safe,false,,,
Hausa,latin,Nigeria,Kano,web_public,https://gidanlabarai.blogspot.com/,2026-03-06,"Am sorry i hide everything for you, tana da brain disorder ne, so",health,health issue,specialized_advice,health_status,sensitive,false,,,
Hausa,latin,Nigeria,Standard,web_public,https://www.rumbunilimi.com.ng/,2026-03-04,"Allah ya yi masa baiwa da fasahar magana, gogewa, jajircewa da kuma himma a fannonin da ya yi fice a kai, wato karantarwa, rubuce-rubuce da kuma gabatar da jawabai",culture_and_religion,Praise for someone's abilities,public_interest,,safe,FALSE,,,
Hausa,latin,Nigeria,Standard,web_public,https://www.rumbunilimi.com.ng/,2026-03-04,Faruwar wannan al’amari bata karyawa Alhaji Atiku Abubakar da sauran mutane guiwa ba a kan aniyar su ta kawo ƙarshen mulkin soja da kuma ɗora ƙasar Najeriya a kan turbar dimokuraɗiyya,governance_civic,Alhaji Atiku Abubakar's political intentions,public_interest,,safe,FALSE,,,
Hausa,latin,Nigeria,Standard,web_public,https://www.bbc.com/hausa,2026-03-13,Ko shakka babu a yanzu haka ƙasashen yankin Gabas ta Tsakiya na cike da kishirwar irin waɗannan makamai na kariya sakamakon jerin hare-haren jirage masara matuƙa da na makamai masu linzami da Iran ke kai musu.,governance_civic,Weapons in the Middle East,public_interest,,sensitive,false,,,
Hausa,latin,Nigeria,Standard,web_public,www.bbc.com/hausa,2026-02-19,"Wata kungiya mai zaman kanta a Belgium, Europe External Programme with Africa, ta ba da rahoton cewa an rusa Masallacin na Najashi da farko ranar 18 ga watan Disamba sannan sojojin Habasha da na Eritriya suka wawashe kayan cikin masallacin",culture_and_religion,Destruction of Najashi Mosque,public_interest,,safe,false,,,
hausa,latin,Nigeria,standard_hausa,media,https://www.bbc.com/hausa/articles/cx2le5j6429o,2026-01-25T09:06:11.168Z,"Mista Ghannam ya yi gargaɗin cewa, duk wani sauyi da aka samu a gwamnatin Iran a halin yanzu, zai iya share fagen ɓullowar sabbin masu tsatsauran ra'ayi daga halin da ba a taɓa ganin irinsa ba, yana mai cewa:",media_and_online,news_reporting,public_interest,,safe,true,,5675fc44-e3e8-4308-9288-f9447e29b5d2,Collected from BBC Hausa
Hausa,latin,Nigeria,Standard,web_public,https://fasahar-intanet.blogspot.com/,2026-02-19,A cikin wannan wata an samu ƙaruwar faɗakarwa ta wannan hanya sosai,education,Awareness or education,public_interest,,safe,false,,,
Hausa,latin,Nigeria,Standard,web_public,https://www.voahausa.com/,2026-03-04,The URL has been copied to your clipboard Nuna wa mutane akan Facebook Nuna wa mutane akan Twitter No media source currently available 0:00 0:02:45 0:00 Shiga Kai Tsaye 16 kbps | MP3 32 kbps | MP3 48 kbps | MP3 Bude sabon shafi,media_and_online,technology usage,public_interest,,safe,false,,,
Hausa,latin,Nigeria,Standard,web_public,https://www.rumbunilimi.com.ng/,2026-03-04,Lambobin Yabo da Girmamawa Bola Ahmed Tinibu ya karɓi lambobin yabo da girmamawa da dama daga ciki da wajen Najriya,culture_and_religion,Accolades and honors,public_interest,,safe,FALSE,,,
Hausa,latin,Nigeria,Standard,web_public,www.bbc.com/hausa,2026-02-19,"""Za a raba masu neman aikin zuwa kashi hudu domin aikin tantancewa, domin tabbatar da an bi dokar da kuma ka'idojin wannan annoba ta Covid-19,"" in ji Mista Achema",health,COVID-19 work guidelines,public_interest,,safe,false,,,
Hausa,latin,Nigeria,Standard,web_public,www.bbc.com/hausa,2026-02-19,"Bayan ya gudu daga gida, sai ya dawo kamar wani mahaukaci",culture_and_religion,Return of a person,stereotypes,,safe,false,,,
hausa,latin,Nigeria,standard_hausa,media,https://www.bbc.com/hausa/articles/cx2le5j6429o,2026-01-25T09:06:11.172Z,"A cewarsa, duk wani giɓi na siyasa zai haifar da taɓarɓarewar tsaro da ɓullowar aƙidar ƙyamar wadanda ba Larabawa.",media_and_online,news_reporting,public_interest,,safe,true,,fafd92a0-9a64-46ab-b5d9-af0ce9342bab,Collected from BBC Hausa
Hausa,latin,Nigeria,Standard,web_public,www.bbc.com/hausa,2026-02-19,Ridi shi ne babban abin da ke kawo musu kudiAna kai shi Amurka da sauran kasashe,livelihoods_and_work,money transfer abroad,public_interest,,safe,false,,,
Hausa,latin,Nigeria,Standard,web_public,www.bbc.com/hausa,2026-02-19,"Masu lura da gidan sun yi alƙawarin ba za su ƙyale wannan lamari ba, suna cewa za su shigar da ƙara gaban kotu domin hana wannan mataki",governance_civic,Legal proceedings,public_interest,,safe,false,,,
Hausa,latin,Nigeria,Standard,web_public,https://fasahar-intanet.blogspot.com/,2026-02-19,Da fatan kana lafiya,health,well-being,public_interest,,safe,false,,,
Hausa,latin,Nigeria,Standard,web_public,https://munbarin-musulunci.blogspot.com/,2026-03-04,htt:// munbarin-musulunci,culture_and_religion,Islamic teaching,public_interest,,sensitive,false,,,
Hausa,latin,Nigeria,Standard,web_public,www.bbc.com/hausa,2026-02-19,"""Ka sani, ban taɓa zuwa hutun da ya dace ba",livelihoods_and_work,personal experience,public_interest,,safe,false,,,
Hausa,latin,Nigeria,Standard,web_public,https://www.bbc.com/hausa,2026-03-13,"A ranar 12 ga watan Fabrairu ne babban sakataren majalisar tsaron Ukraine, Rustam Umarov, ya ce ƙasar ta samu lasisin sayer da makaman ga ƙasashen waje.",governance_civic,Ukraine arms deal,public_interest,,safe,false,,,
Hausa,latin,Nigeria,Standard,web_public,www.bbc.com/hausa,2026-02-19,Karon farko kenan da manyan ƙungiyoyin biyu za su fafata a matsayin na ɗaya da na biyu a teburin Premier tun 1997,livelihoods_and_work,Premier league football match,public_interest,,safe,false,,,
Hausa,latin,Nigeria,Standard,web_public,https://www.rumbunilimi.com.ng/,2026-03-04,"Manya-manyan laifuffuka kamar irin su kisan kai, laifin zina, da sauran makamantansau, su kuma suna danganta abin ne da allolinsu",culture_and_religion,Criminal activities,public_interest,,sensitive,FALSE,,,
Hausa,latin,Nigeria,Standard,web_public,https://www.bbc.com/hausa,2026-03-13,Napoli na son tsawaita kwantaragin ɗan wasan tsakiya na Scotland Scott McTominay har zuwa 2030 a ƙoƙarin hana duk wata kungiya daukar dan wasan mai shekaru 29.,livelihoods_and_work,Football transfer,public_interest,,safe,false,,,
Hausa,latin,Nigeria,Standard,web_public,https://www.bbc.com/hausa,2026-03-13,"A ƙarshen makon da ya gabata haɗakar Amurka da Isra'ila ta ƙaddamar da sabbin hare-hare kan Iran, kuma ta tarwatsa wurare da dama cki harda matatun mai.",governance_civic,US-Israel relations and Iran,public_interest,,safe,false,,,
Hausa,latin,Nigeria,Standard,web_public,https://fasahar-intanet.blogspot.com/,2026-02-19,Wata Sabuwar Duniya,culture_and_religion,new world,public_interest,,safe,false,,,
Hausa,latin,Nigeria,Standard,web_public,www.bbc.com/hausa,2026-02-19,"""Aliyu dan Sarkin Fulani ya kuma ce ba zai iya tantance yawan wadanda aka kashe ba: ""Idan na ce ma ga yawan mutanen, na yi ma ƙarya ne",governance_civic,Aliyu and Sarkin Fulani,public_interest,,safe,false,,,
Hausa,latin,Nigeria,Standard,web_public,https://fasahar-intanet.blogspot.com/,2026-02-19,Ba sai an taskance lambar a waya ba,livelihoods_and_work,Cellphone number,public_interest,,safe,false,,,
Hausa,latin,Nigeria,Standard,web_public,www.bbc.com/hausa,2026-02-19,"Ta yi ƙoƙarin yi wa hukumomi bayani cewa an yi kuskure, sai dai hukumomi a lokacin sun dage cewa ba a kudaden da ake bai wai yara ne kawai aka yi damfara ba, lamarin ya haɗa da wasu kudaden",governance_civic,government statement about error,public_interest,,safe,false,,,
Hausa,latin,Nigeria,Standard,web_public,https://fasahar-intanet.blogspot.com/,2026-02-19,"A zango na karshe, wanda shi ne muke bitarsa a yau, muna da kasidu guda 132",livelihoods_and_work,Shopping and inventory,public_interest,,safe,false,,,
hausa,latin,Nigeria,standard_hausa,media,https://www.bbc.com/hausa/live/c98jg700y8et,2026-01-25T09:07:35.949Z,Zanga-zangar ta ƙara zafi ne bayan masu shiryata sun ƙarfafa wa mazauna yankin gwiwa da su daina aiki ko makaranta domin su fito nuna adawa da hukumar ta ICE.,media_and_online,news_reporting,public_interest,,safe,true,,e0b69bf3-9d23-473a-856d-b0d37a77b11e,Collected from BBC Hausa
Hausa,latin,Nigeria,Standard,web_public,https://www.rumbunilimi.com.ng/,2026-03-04,"Su ne waɗanda Humayyar (Sunan ƙabila ne) suka kora daga Yemen…” Wanda kuma a ƙarshen bayanin nasa ya ƙare da cewa: “…Sannan suka gangaro Kanem, suka zaune ta…” A cikin wata tattaunawa da muka yi da Dakta Shekarau Angyu, Masa-Ibi, Aku-Uka na Wukari, a ranar Asabar 19/08/2017, a fadarsa da ke Wukari, ya shaida mana cewa: “Asalinmu daga Yemen ne",culture_and_religion,Hausa Ethnic Origins,public_interest,,safe,FALSE,,,
Hausa,latin,Nigeria,Standard,web_public,https://www.rumbunilimi.com.ng/,2026-03-04,"Ooni Ife, shi ne ka alhakin rantsar da shugaban gwamnatin daular Oyo; wato Alafin bayan ‘yan majalisa masu zaɓen sarki Oye Mesi sun zaɓe shi",culture_and_religion,Oyo state royal coronation,public_interest,,safe,FALSE,,,
Hausa,latin,Nigeria,Standard,web_public,www.bbc.com/hausa,2026-02-19,Yawan rundunonin soji Operation TURA TAKAIBANGO Operation LAFIYA DOLEOperation Hail StormOperations SAFE HAVENOperation WHIRL STROKE Operation THUNDER STRIKEOperation Hadarin DajiOperation SAHEL SANITY Operation DELTA SAFEArewa Maso Gabas A Kwanan nan rundunar sojin Najeriya ta kafa sabuwar rundunar Operation TURA TAKAIBANGO a yankin arewa maso gabashi domin kakkabe mayaƙan Boko HaramRundunonin Operation Lafiya Dole da kuma Operation Hail Storm sun da daɗe suna yaƙi da 'yan ƙungiyar Boko Haram da kuma na ISWAP a arewa maso gabashin Najeriya,governance_civic,Military operations in Northeast Nigeria,public_interest,,safe,false,,,
Hausa,latin,Nigeria,Standard,web_public,https://fasahar-intanet.blogspot.com/,2026-02-19,"Wannan ya rage masa shahara, da cewa ashe ɗan iska ne, har yana bayyana tsaraicinsa ga duniya",culture_and_religion,Reputation and character,stereotypes,,safe,false,,,
Hausa,latin,Nigeria,Standard,web_public,https://www.bbc.com/hausa,2026-03-13,"Ƴan Najeriya huɗu sun samu shiga jerin attajiran Afirka 23 na 2026, kamar yadda mujallar Forbes mai nazarin alƙaluman tattalin arziki ta bayyana.",media_and_online,Nigerians in Forbes top Africans list,public_interest,,safe,false,,,
Hausa,latin,Nigeria,Standard,web_public,www.bbc.com/hausa,2026-02-19,Shugaban kasar mai shekara 76 - wanda ya hau kan mulki a 1986 - ya ce yana son tabbatar da kwanciyar hankali da ci gaba a kasar,governance_civic,Government leader,public_interest,,safe,false,,,
Hausa,latin,Nigeria,Standard,web_public,https://www.rumbunilimi.com.ng/,2026-03-04,Women of 2014: Hadiza Bala Usman,culture_and_religion,Women of 2014,public_interest,gender,safe,FALSE,,,
Hausa,latin,Nigeria,Kano,web_public,https://www.rumbunilimi.com.ng/,2026-03-04,"Land, Labour and Taɗation in Kano Natiɓe Authority: the Case of Kumbotso District [PHONE]",livelihoods_and_work,"Land, labor, and taxation",public_interest,,safe,TRUE,,,
Hausa,latin,Nigeria,Unknown,web_public,https://www.rumbunilimi.com.ng/,2026-03-04,Modern Centre for Business Services - Ethiopia,livelihoods_and_work,business services,public_interest,,safe,FALSE,,,
hausa,latin,Nigeria,standard_hausa,media,https://www.bbc.com/hausa/live/c98jg700y8et,2026-01-25T09:07:35.901Z,Amma kafin nan Abdullahi Diginza ke cewa mu kwana lafiya.,media_and_online,news_reporting,public_interest,,safe,true,,2b15790a-121f-4f7d-a555-4f20f64a49c7,Collected from BBC Hausa
Hausa,latin,Nigeria,Standard,web_public,www.bbc.com/hausa,2026-02-19,"Duk macen da ta saurare ta, in har ta fahimci kalaman mawaƙin, to, za ta samu sanyin zuciya a kan soyayyar ta, domin waƙa ce mai ratsa zuciya",culture_and_religion,Hausa poetry and love,public_interest,,safe,false,,,
hausa,latin,Nigeria,standard_hausa,media,https://www.bbc.com/hausa/live/c368rn00zxgt,2026-01-25T09:07:34.067Z,Sai dai kuma ƴan jarida da wasu kafafen yaɗa labarai sun ce ba a ba su damar halartar tarukan da suka biyo biyo baya ba ranar Asabar.,media_and_online,news_reporting,public_interest,,safe,true,,62ff422b-f9ce-423a-930b-fc315291b66e,Collected from BBC Hausa
Hausa,latin,Nigeria,Standard,web_public,https://www.bbc.com/hausa,2026-03-13,"A lokaci guda kuma, ana ci gaba da hasashen yadda jagorancin Iran zai kasance a nan gaba.",governance_civic,Iran leadership,public_interest,,safe,false,,,
Hausa,latin,Nigeria,Standard,web_public,https://gidandabino.blogspot.com/,2026-03-04,"Sannan kuma kamar hadin baki babu wata amsa da na same ta da safe, duk lokacin da na sami sakonne da yamma ne, sun fara daga 4",household_and_care,"communication, time",public_interest,,safe,false,,,
hausa,latin,Nigeria,standard_hausa,media,https://www.bbc.com/hausa/articles/c62v7mx80g5o,2026-01-25T09:07:36.982Z,Masanin ya ce za a samu matsala wajen tantancewa ne kasancewar Kwankwaso ya bai wa magoya bayansa izinin cewa za su iya tafiya tare da gwamnati.,media_and_online,news_reporting,public_interest,,safe,true,,a3af2c7f-167e-4b6b-94c7-e8266e44545a,Collected from BBC Hausa
Hausa,latin,Nigeria,Standard,web_public,https://www.rumbunilimi.com.ng/,2026-03-04,org/wiki/Abdalla_Uba_Adamu a shekarar 2019 Adamu A,education,Abdalla Uba Adamu,public_interest,,safe,FALSE,,,
hausa,latin,Nigeria,standard_hausa,media,https://www.bbc.com/hausa/live/c368rn00zxgt,2026-01-25T09:06:09.620Z,"Wata sanarwa da wata jarida mai zaman kanta 'The Citizen' ta wallafa a shafukan sada zumunta ta ce an ba wa ƴan jarida damar yaɗa labaran zaman da aka yi ranar Juma’a, inda waɗanda abin ya shafa suka bayyana yadda al'amura suka gudana lokacin rikicin.",media_and_online,news_reporting,public_interest,,safe,true,,71a668d8-57cd-42be-a119-5e52e45c2558,Collected from BBC Hausa
Hausa,latin,Nigeria,Standard,web_public,https://fasahar-intanet.blogspot.com/,2026-02-19,Duk wannan bai kamata ba,culture_and_religion,Appropriateness,public_interest,,safe,false,,,
Hausa,latin,Nigeria,Standard,web_public,www.bbc.com/hausa,2026-02-19,Kamfanonin dillancin labaran AFP da Reuters sun ambato jami'an hukumar da ke sanya ido kan kamfanonin sadarwa na Uganda suna cewa an dauki matakin ne domin yin raddi ga Facebook a kan rufe shafukan da ke da alaka da gwamnatin kasar,media_and_online,Media organizations in Uganda,public_interest,,safe,false,,,
Hausa,latin,Nigeria,Standard,web_public,www.bbc.com/hausa,2026-02-19,"ReutersCopyright: ReutersBirtaniya ta shiga sabon babi, bayan da a hukumance ta kammala ficewarta daga Tarayyar Turai",media_and_online,Reuters news,public_interest,,safe,false,,,
Hausa,latin,Nigeria,Standard,web_public,https://gidanlabarai.blogspot.com/,2026-03-06,"A cewar NCDC, makon da ya gabata ya kasance daga cikin mafi ban tsoro saboda tashin gwauron zabi da alkaluman mutanen da suka kamu da cutar ya yi",health,COVID-19 election concerns,public_interest,,safe,false,,,
Hausa,latin,Nigeria,Katsina,web_public,https://www.voahausa.com/,2026-03-04,Alkali a kotun sasanci ta jihar Katsina Barista Sabi'u Jibiya ya nuna tababa ga matsayar gwamnati kan cewa ba a ba da kudin fansa ba,governance_civic,Legal case in Katsina,public_interest,,safe,false,,,
hausa,latin,Nigeria,standard_hausa,media,https://www.bbc.com/hausa/articles/cm2yervn196o,2026-01-25T09:07:36.297Z,"Lauren Bylsma, masaniya kan tunanin ɗan'adam a Jami'ar Pittsburgh da ke Amurka, ta kasance tana amfani da abubuwan da ke nuna yadda zuciya take aiki, wajen gano cewa ko kuka na sa mu ji daɗi.",media_and_online,news_reporting,public_interest,,safe,true,,80fc35ab-2fb9-417d-865b-1e581141165a,Collected from BBC Hausa
hausa,latin,Nigeria,standard_hausa,media,https://www.bbc.com/hausa/live/c368rn00zxgt,2026-01-25T09:07:34.075Z,Wannan dai shi ne mutum na biyu da aka kashe a birnin tun lokacin da gwamnatin Trump ta ƙaddamar da wani yaƙi na musammman kan ƴan cirani a jihar ta Minnesota.,media_and_online,news_reporting,public_interest,,safe,true,,e8f37801-95b3-497a-b974-69342d3a1bc8,Collected from BBC Hausa
Hausa,latin,Nigeria,Standard,web_public,www.bbc.com/hausa,2026-02-19,Na yau kuma ya kammala su a yau,livelihoods_and_work,Completion of an action,public_interest,,safe,false,,,
