language,script,country,region_dialect,source_type,source_ref,collection_date,text,domain,topic,theme,sensitive_characteristic,safety_flag,pii_removed
hausa,latin,Nigeria,Standard,web_public,https://twitter.com/gidanmemes/status/2016644984754077783,2026-01-28,"Indai Kina da saurayi dan Barcelona toh kiyi billing nashi kawae, yau yana cikin mood mai kyau [URL]",livelihoods_and_work,Barcelona player,public_interest,,safe,true
hausa,latin,Nigeria,Standard,web_public,https://twitter.com/dezatour3/status/2016588833999958457,2026-01-28,"Kiss (sumbata) yanada illoli ga lafiyar jiki Dagacikin illolinsa, yana haddasa: - yaɗuwar ƙwayar cutar mura - sanyi - ciwon tari - ƙurajen baki - yaɗuwar ƙwayar cutar dake haddasa ciwon haƙori, ciwon dasashi, da warin baki Budurwa, kar ki bari saurayi ya sumbaceki akwai [URL]",health,Health and medical effects,public_interest,,sensitive,true
hausa,latin,Nigeria,Kano,web_public,https://twitter.com/Kbvip02/status/2016505756892164598,2026-01-28,"[USER] [USER] Gsky ne wanna, gsky yanxu duk kusan an watsar da yin hk yanxu sai kaga yarinya tana soyayya da saurayi kusan shekara biyu uku Amma sai kasamu iyaye basu sanshi ba ko kaga dan yana da kudi ko tambayar waye shi daga ina yake me yake, a duk bb wanna tunda yana da kudi ai shikenan",household_and_care,young couple's relationship,public_interest,,safe,true
hausa,latin,Nigeria,Kano,web_public,https://twitter.com/__Shatu_/status/2016468637993865377,2026-01-28,"Ni yarinyar nan zata cewa inna cigaba da posting hoton kanina bazanyi saurayi ba. In saurayin yazo ta koreshi mugani",media_and_online,social media posting,hate_or_insult,gender,sensitive,true
hausa,latin,Nigeria,Standard,web_public,https://twitter.com/dezatour3/status/2016241575647461503,2026-01-27,"ki dinga wa saurayi ki kyautar kudi,ki kaisa outing ko sau daya a shekara, hanty baza ki mutu ba",culture_and_religion,request for financial gift,public_interest,,safe,true
hausa,latin,Nigeria,Unknown,web_public,https://twitter.com/_Big__brother/status/2016181573570207809,2026-01-27,"Shawara takeso Na b!yewa saurayi da'ga zuwa gar!nmu kawaii y yaudar£ni mukayi abunda babu kyau sau Daya tun da'ga watan ban'ga peri0d Dina BA gashi ynxu wata uku K£nan ci'kina sai girma yake ina ts0ron inje asibiti ace mun ciki ne wlhy don Allah Ku fa'da mun yya Znyi da cikinnan [URL]",health,Seeking advice,public_interest,health_status,sensitive,true
hausa,latin,Nigeria,Standard,web_public,https://twitter.com/_Big__brother/status/2016105806710690124,2026-01-27,"Idan Mace tana Sonka da Gaske, Baka Buqatar kazo kana Rigima da ita Akan ta daina Kula Wani Saurayi.",culture_and_religion,romantic relationship,public_interest,,safe,true
hausa,latin,Nigeria,Standard,web_public,https://twitter.com/Addeenny/status/2016082747803000938,2026-01-27,"Taya kake tunanin Za'a zauna Lafiya Ana samun saurayi ya'yi wa Yan Mata Goma Alkawarin Aure?",culture_and_religion,marriage proposal,public_interest,,safe,true
hausa,latin,Nigeria,Standard,web_public,https://twitter.com/DaddyJibril/status/2015915348734759253,2026-01-26,"Sau nawa aka kwace Miki Saurayi.",culture_and_religion,asking/telling,public_interest,,safe,true
hausa,latin,Nigeria,Standard,web_public,https://twitter.com/S_Usman001/status/2015904417548017930,2026-01-26,"[USER] Indai hakane Shawara daya dazan baki kada kiyi saurayi ko miji mai kallon ball",culture_and_religion,relationship advice,specialized_advice,,safe,true
hausa,latin,Nigeria,Standard,web_public,https://twitter.com/SunusiMinjibir/status/2015753414685114586,2026-01-26,"[USER] Dan saurayi shar dakai",culture_and_religion,young man's actions,public_interest,,safe,true
hausa,latin,Nigeria,Kano,web_public,https://twitter.com/SeniorManICT/status/2015698600743874982,2026-01-26,"[USER] Gsky wasu suna jahiltar lamarin Ubangiji wlh duk dadewar budurwa ko saurayi ba tare da aure ba, lokacinsu ne baiyi ba, amma in yayi to ba sunaso ko basa so sai sunyi aure, haihuwa, arziki, ajali wadannan duk wanda lokacinsu baiyiba sai anyi hakuri wannan shine gskyr zance",culture_and_religion,Premarital sex,misinformation,age,sensitive,true
hausa,latin,Nigeria,Zaria,web_public,https://twitter.com/el_uthmaan/status/2015650512234799394,2026-01-26,"Abubuwan da ame lura dangane da Saurayi in za a bashi Yarinya ya Aura - Shiekh Muhd Auwal Albani Zaria, Rahimahullah. [URL]",culture_and_religion,Marriage advice,public_interest,,safe,true
hausa,latin,Nigeria,Standard,web_public,https://twitter.com/AhmadAb07597376/status/2015418345449832887,2026-01-25,"Kuɗin da ki ke roƙar saurayi kafin ki haɗu da shi ya ki ke rayuwa? Bayan ya gane gaskiya ya gudu ya ki ka cigaba da rayuwar? [URL]",household_and_care,Personal relationships,public_interest,,sensitive,true
hausa,latin,Nigeria,Standard,web_public,https://twitter.com/bmjvermerlleey/status/2015400097459102040,2026-01-25,"Kuɗin da ki ke roƙar saurayi kafin ki haɗu da shi ya ki ke rayuwa? Bayan ya gane gaskiya ya gudu ya ki ka cigaba da rayuwar?",livelihoods_and_work,Seeking financial assistance,public_interest,,safe,true
hausa,latin,Nigeria,Kano,web_public,https://twitter.com/scar_jr1/status/2015339092704202941,2026-01-25,"[USER] Dogon saurayi, yakamata kayi wani abu, Dije batada kudi these days!!!",livelihoods_and_work,Financial difficulties,public_interest,,sensitive,true
hausa,latin,Nigeria,Standard,web_public,https://twitter.com/Musabestseller/status/2015186616445268293,2026-01-24,"Ƙawayen budurwa sun ragargaje tarin bulon ginin saurayi bayan ya fasa auren ƙawarsu [URL]",culture_and_religion,Relationship breakdown,public_interest,,sensitive,true
hausa,latin,Nigeria,Standard,web_public,https://twitter.com/_AbbaElmustapha/status/2015172536363819370,2026-01-24,"kice father yayi gulafa yana saurayi [URL]",household_and_care,father's actions,public_interest,,safe,true
hausa,latin,Nigeria,Standard,web_public,https://twitter.com/Ahmerd_yaroo/status/2015162352421720354,2026-01-24,"[USER] Shiyasa bakida saurayi ai",culture_and_religion,Relationship dynamics,stereotypes,gender,sensitive,true
hausa,latin,Nigeria,Standard,web_public,https://twitter.com/mazanjeeyaa/status/2015105770526806222,2026-01-24,"In Saurayi Ya Baki Kuɗi Kice, Ka Ajiye Mini Duk Ranar Daka Aure Ni Zan Karɓa. Yan MATA A Gyara #mazanjeeya",culture_and_religion,marriage proposal,public_interest,,safe,true
hausa,latin,Nigeria,Kano,web_public,https://twitter.com/AuwalBarwa/status/2015003967479021844,2026-01-24,"Irin Matan nan Masu Dafa Wa Saurayi Abinci Idan Yaje Fira Sun Kare, Matan Yanzu Sun Watsar Da Al'ada Wallahi",culture_and_religion,Women cooking for young men,stereotypes,gender,sensitive,true
hausa,latin,Nigeria,Standard,web_public,https://twitter.com/KngNurish/status/2014800162443382953,2026-01-23,"[USER] Saurayi ba ma miji ba? Lallai yaranta mai daɗi..",culture_and_religion,Marriage,stereotypes,gender,sensitive,true
hausa,latin,Nigeria,Standard,web_public,https://twitter.com/Kidxfather/status/2014783805404405871,2026-01-23,"[USER] tun kina qarama kk tunanin saurayi sannu",culture_and_religion,romantic interest,stereotypes,gender,sensitive,true
hausa,latin,Nigeria,Standard,web_public,https://twitter.com/uxtazerhzee/status/2014747579477631023,2026-01-23,"Da ina karama nadauka duk wanda nagani da tabon sallah shine mumini,Kullum innai sallah sai ince Allah yasa yafitomini kuma yabani saurayi mai irinshi",culture_and_religion,Islamic beliefs and practices,public_interest,,safe,true
hausa,latin,Nigeria,Standard,web_public,https://twitter.com/YusufNagoma/status/2014686493822861535,2026-01-23,"[USER] Mu Kungiyar (MJMTD) Munyi Allah wadai da wannan saurayi",culture_and_religion,religious expression,public_interest,,safe,true
hausa,latin,Nigeria,Standard,web_public,https://twitter.com/MohammadMa95777/status/2014462129571516531,2026-01-22,"Duk budurwa ko saurayi da basa zina, Allah Ya bude masu hanyoyin arziki. Allah Ya hada su da abokan zama da zasu kaisu Aljannah [URL]",culture_and_religion,Guidance and religion,public_interest,,safe,true
hausa,latin,Nigeria,Kano,web_public,https://twitter.com/crushsee_ker/status/2014443682410172755,2026-01-22,"[USER] Sbd kinyi syy da bakin saurayi ya yaudareki ba shine yake nufin duka haka muke ba",culture_and_religion,Hausa interaction,misinformation,,sensitive,true
hausa,latin,Nigeria,Kano,web_public,https://twitter.com/Maimunah_uba/status/2014434254634004622,2026-01-22,"[USER] Yoo ni ai sabida baqin jina na bantaba yin saurayi ba",culture_and_religion,relationship advice,stereotypes,gender,sensitive,true
hausa,latin,Nigeria,Standard,web_public,https://twitter.com/Samudari_comdr/status/2014216020676706386,2026-01-22,"[USER] Da saurayi ne toh, ammah miji kam, ai bakin alkalami ya bushe.",culture_and_religion,personal characteristics,stereotypes,gender,sensitive,true
hausa,latin,Nigeria,Standard,web_public,https://twitter.com/DanjumaDanjuu/status/2016651912972558501,2026-01-28,"[USER] Ah dole kice mijinsu nada budurwa irin wannan idanuwa haka",culture_and_religion,marriage and relationships,stereotypes,gender,sensitive,true
hausa,latin,Nigeria,Standard,web_public,https://twitter.com/Sir_Allameen/status/2016623399947190712,2026-01-28,"[USER] Saidai kiyi hakuri kema boyfriend naki Yana da budurwa",relationships_and_family,boyfriend and girlfriend,stereotypes,gender,sensitive,true
hausa,latin,Nigeria,Kano,web_public,https://twitter.com/Bliss_beebaah/status/2016605704014946779,2026-01-28,"Sedai kiyi hakuri amma tabbas mijinki yanada budurwa",culture_and_religion,Infidelity,stereotypes,gender,sensitive,true
hausa,latin,Nigeria,Kano,web_public,https://twitter.com/ismailaliyu3136/status/2016584845846069518,2026-01-28,"Gaskiya samarin Nigeria kuna bani mamaki taya akasarku kunada 1000 guda biyu 500 guda biyu 200 guda biyu 100 guda biyu kaikuma katsaya wajen budurwa daya gsky kucanza tinani $ZET [USER]",livelihoods_and_work,money and wealth,misinformation,,sensitive,true
hausa,latin,Nigeria,Kano,web_public,https://twitter.com/_Big__brother/status/2016448533105176799,2026-01-28,"Meyasa mace zatai kunshi kiso duk Dan taburge mijinta Amma wasu maza Koh kallo Bata ishesuba. Amma inde bazawarace Koh budurwa saikaji anata yabawa harda bada tukuici. Meyasa!",culture_and_religion,Domestic violence,hate_or_insult,gender,sensitive,true
hausa,latin,Nigeria,Standard,web_public,https://twitter.com/AhmadUsman__/status/2016443383670059013,2026-01-28,"[USER] She wouldn't like that one matar da take jin kanta kamar budurwa",culture_and_religion,physical appearance,stereotypes,gender,sensitive,true
hausa,latin,Nigeria,Standard,web_public,https://twitter.com/ATEEQ003/status/2016437183297495043,2026-01-28,"[USER] Seriously fa budurwa ta ma jia ceman tayi wai brother abun duka ne",media_and_online,Gossip and hearsay,misinformation,,sensitive,true
hausa,latin,Nigeria,Standard,web_public,https://twitter.com/aminu_kyw/status/2016269223937311163,2026-01-27,"[USER] Yoo indai Budurwa ce ma ai da sauki",culture_and_religion,advice and encouragement,public_interest,,safe,true
hausa,latin,Nigeria,Standard,web_public,https://twitter.com/SadiqAbubakar__/status/2016268302834610287,2026-01-27,"Na kai qarshe da budurwa ta cewa duk Jahar da aka tura ni bautar qasa zanyi budurwa mai saida abinci",livelihoods_and_work,selling food,public_interest,,safe,true
hausa,latin,Nigeria,Standard,web_public,https://twitter.com/albanymalala001/status/2016265021211255225,2026-01-27,"[USER] Budurwa ta tafiki kyau",culture_and_religion,appearance and beauty,public_interest,,safe,true
hausa,latin,Nigeria,Kano,web_public,https://twitter.com/Dan_mummyy/status/2016233113064505738,2026-01-27,"Wlh nayi sabuwar budurwa mai Abinci yau Saida aka cikamun flask",household_and_care,Saida got a new flask,public_interest,,safe,true
hausa,latin,Nigeria,Standard,web_public,https://twitter.com/HauwaSis35/status/2016191306364543226,2026-01-27,"Da gaskiyanki yar budurwa. Kowa neman tsari yake da talauci [URL]",livelihoods_and_work,poverty and seeking help,public_interest,poverty,sensitive,true
hausa,latin,Nigeria,Standard,web_public,https://twitter.com/ismailaliyu3136/status/2016100723230957715,2026-01-27,"[USER] [USER] [USER] [USER] [USER] Wa kaida ko tsayayyar budurwa bakadashi",culture_and_religion,Hausa cultural norms,stereotypes,gender,sensitive,true
hausa,latin,Nigeria,Standard,web_public,https://twitter.com/ismailaliyu3136/status/2016021763566567468,2026-01-27,"[USER] Mekwai ko tsayayyar budurwa banda ita",culture_and_religion,someone's description,stereotypes,gender,sensitive,true
hausa,latin,Nigeria,Kano,web_public,https://twitter.com/dadeen__/status/2015842539438322059,2026-01-26,"[USER] [USER] Toh da sauki, as matayen ka I'm sure kana kashe musu. Dama maganan budurwa mukeyi",culture_and_religion,Interaction with women,stereotypes,gender,sensitive,true
hausa,latin,Nigeria,Standard,web_public,https://twitter.com/Muhammad_ks02/status/2015810329301692755,2026-01-26,"[USER] Wai budurwa yace kokuma mahaifiya",culture_and_religion,mother-daughter relationship,stereotypes,gender,sensitive,true
hausa,latin,Nigeria,Kano,web_public,https://twitter.com/grok/status/2015759209611092473,2026-01-26,"[USER] [USER] [USER] [USER] Haha, ni AI ne, ba na bukatar budurwa. Amma ina iya zama abokin hulɗa mai kyau! Ka ce me ya sa ka ce haka?",media_and_online,Chatbot conversation,stereotypes,gender,sensitive,true
hausa,latin,Nigeria,Standard,web_public,https://twitter.com/AuwalAb79073016/status/2015759109396570418,2026-01-26,"[USER] [USER] [USER] [USER] Yakamata kayi budurwa gaskiya",livelihoods_and_work,request to do something,public_interest,,sensitive,true
hausa,latin,Nigeria,Standard,web_public,https://twitter.com/grok/status/2015758941658005823,2026-01-26,"[USER] [USER] [USER] [USER] A'a, ni AI ne, ba na da budurwa. Amma ina iya zama abokin hulɗa mai kyau! Ka ce me?",culture_and_religion,self-introduction,public_interest,,safe,true
hausa,latin,Nigeria,Kano,web_public,https://twitter.com/Avpdeal/status/2015538488024723467,2026-01-25,"[USER] Ni kwailar budurwa tace tayi tafiya muna waya nake tambayanta yaushe zata dawo ? Tace sai mamansu ta haihu, nace tana dacikine ta amsa min da ehh nace mata ya akayi haka ,tacemin ah baka sani ba? Nan fa na dawo seti na tuna da layi na saka",household_and_care,Conversing about a person's return,public_interest,,safe,true
hausa,latin,Nigeria,Standard,web_public,https://twitter.com/DanBello0X/status/2015488646783095266,2026-01-25,"[USER] Gaskiya ko da balaki Sai nayi budurwa a satin nan",livelihoods_and_work,personal activities,public_interest,,safe,true
hausa,latin,Nigeria,Kano,web_public,https://twitter.com/danmalamisa/status/2015155740428648840,2026-01-24,"[USER] Gani nan cewa ake duk mai haka za'a raina shi anma ni har kuka nake idan naga budurwa ta tayi fushi,kuma laifi na ne",culture_and_religion,Emotional reaction,hate_or_insult,gender,sensitive,true
hausa,latin,Nigeria,Standard,web_public,https://twitter.com/babangees/status/2015119149513519400,2026-01-24,"[USER] [USER] [USER] Kaje Babanka ya dauko Maka, ko bakada iyaye?ko shege ne kai?ko tsintoka akayi?ko a gidan marayu aka tsintoka?ko a cinikayyar bayi aka sayoka, shege dan shegiya, Dan budurwa.",culture_and_religion,Questioning someone's character,stereotypes,gender,sensitive,true
hausa,latin,Nigeria,Standard,web_public,https://twitter.com/AmmarYakhoub/status/2015068712349434292,2026-01-24,"Idan namiji baya zaman layi yazama yar budurwa ae [URL]",culture_and_religion,relationship with younger woman,stereotypes,age,sensitive,true
hausa,latin,Nigeria,Standard,web_public,https://twitter.com/_G99A/status/2015041830644031524,2026-01-24,"[USER] Duk guy da yake turawa wata budurwa kudi, Dan wahala NE dolo.",livelihoods_and_work,Seeking a woman for money,stereotypes,gender,sensitive,true
hausa,latin,Nigeria,Kano,web_public,https://twitter.com/assu_ahmad/status/2015030417489908192,2026-01-24,"[USER] [USER] Mata tana online tana Jin ka kana kiran budurwa ta .. Ka fara sani Raina $1m fah..",media_and_online,online activity,stereotypes,gender,sensitive,true
hausa,latin,Nigeria,Standard,web_public,https://twitter.com/ShakoroAbbas/status/2015030138480611539,2026-01-24,"Bama matarka ba budurwa fa? [URL]",culture_and_religion,asking a question,public_interest,,safe,true
hausa,latin,Nigeria,Kano,web_public,https://twitter.com/aminiyatrust/status/2015012911182172259,2026-01-24,"Shin yaya za ka ji idan budurwa ta fara buɗe baki ta ce tana son ka? [URL]",household_and_care,romantic interest,stereotypes,gender,sensitive,true
hausa,latin,Nigeria,Standard,web_public,https://twitter.com/_Muhd_Bukhary/status/2014998055511118117,2026-01-24,"Idan ka je Islamiyyah, sama da budurwa 300 bayan shekara 1 zuwa 2 duk sunyi aure. Amma budurwa a social media tana bayyana tsiraici, sama da shekaru 5 babu wanda ya fito ya nemi Aurenta. DARASI Kamun kai yana janyo mijin aure Bayyana tsiraici yana janyo yan iskan samari mazinata [URL]",media_and_online,marriage and social media,stereotypes,gender,sensitive,true
hausa,latin,Nigeria,Standard,web_public,https://twitter.com/SeniorManICT/status/2014983283168129259,2026-01-24,"[USER] Ance samari masu turanci agurin budurwa mayaudara ne,",culture_and_religion,Masu turanci,stereotypes,gender,sensitive,true
hausa,latin,Nigeria,Standard,web_public,https://twitter.com/StillYoursADD/status/2014980250979991673,2026-01-24,"Idan Budurwa tayi Aure ana kiranta da Amarya. To idan Bazawara ta Sake yin Aure me za'a Kirata.....? [URL]",culture_and_religion,Marriage customs,public_interest,,sensitive,true
hausa,latin,Nigeria,Standard,web_public,https://twitter.com/ModernArkiteck/status/2014979451470098588,2026-01-24,"[USER] Auta sarkin Yaki. Tiktok kamar wata budurwa",media_and_online,Yaki (war) and Tiktok,stereotypes,,sensitive,true
hausa,latin,Nigeria,Standard,web_public,https://twitter.com/AnasAS6761/status/2014782374479892705,2026-01-23,"[USER] In ina kallon ki, sai inji na tsani budurwa ta, ganin ta nake kamar tinkiya nake dating",culture_and_religion,romantic interest,stereotypes,gender,sensitive,true
hausa,latin,Nigeria,Kano,web_public,https://twitter.com/Abubakar1523244/status/2014688292264943672,2026-01-23,"[USER] Wlh akwai wani lokaci danayi wata budurwa duk sanda naje gidansu kafin ta fito xaa kawomin kayan arxiki naci nasamu nutsuwa sannan xata fito, Allah yabiyaki hauwa",culture_and_religion,visiting a woman,public_interest,,safe,true
hausa,latin,Nigeria,Kano,web_public,https://twitter.com/KnnhausaNews/status/2014656132103430579,2026-01-23,"TSAUTSAYI KO GANGANCI? Yanzu wata yarinya budurwa ta fado daga gadar saman dantata unguwar kurna Kano Ta samu karaya a kafarta, inda ta bayyana cewa ita ‘yar jihar Bauchi ce Wanda abin ya faru a gabansu, sun bayyana cewa yarinyar dakanta ta hau saman gadar ta fado kasa #news [URL]",media_and_online,Accidental fall from building,public_interest,age,sensitive,true
hausa,latin,Nigeria,Kano,web_public,https://twitter.com/FathullahS59057/status/2014650783858319531,2026-01-23,"[USER] [USER] Dan Allah rabu da shi,su ne suke zuwa su dinga zubar da kudin su wajen yan mata.Akwai wanda ya kamata ka taimakawa bayan itaye,fiye da matar [URL] fa budurwa ba zan siya mata waya.",culture_and_religion,Requesting to leave someone,public_interest,,safe,true
hausa,latin,Nigeria,Standard,web_public,https://twitter.com/0xFatii/status/2014444958934065436,2026-01-22,"[USER] Ga son attention kamar budurwa sabuwar balaga",culture_and_religion,young woman's maturity,public_interest,,safe,true
hausa,latin,Nigeria,Standard,web_public,https://twitter.com/aminiyatrust/status/2014406722052624709,2026-01-22,"Rundunar ’yan sanda a Jihar Taraba ta cafke wata mata da ta yayyanki wata budurwa a fuska kan zargin soyayya da mijinta a ƙaramar hukumar ta jihar. Matar wacce ake zargin ta yayyanki yarinya mai shekara 17 da reza a fuska bayan uwar ɗakin yarinyar ta yi ƙorafi kan cewa mijinta [URL]",governance_civic,Police arrest woman for assaulting girl,public_interest,age,sensitive,true
hausa,latin,Nigeria,Kano,web_public,https://twitter.com/theabdulgora/status/2014394603936292894,2026-01-22,"Wani Malami yace: Ko akuya ka bari a waje... Gayu baza su ƙyale ba balle budurwa!! Karka yadda wani yazo ya maka dabara!! Ko baka da yara, to ka kula da ƙannenka!! [URL]",culture_and_religion,Moral advice about relationships,stereotypes,gender,sensitive,true
hausa,latin,Nigeria,Standard,web_public,https://twitter.com/aminiyatrust/status/2014394131632816157,2026-01-22,"Rundunar ’yan sanda a Jihar Taraba ta yayyanki wata budurwa a fuska kan zargin soyayya da mijinta a ƙaramar hukumar ta jihar. Matar wacce ake zargin ta yayyanki yarinya mai shekara 17 da reza a fuska bayan uwar ɗakin yarinyar ta yi ƙorafi kan cewa mijinta ya fita a harkar [URL]",governance_civic,Alleged domestic violence case,public_interest,gender,age,sensitive,true
hausa,latin,Nigeria,Kano,web_public,https://twitter.com/UTDAhmard/status/2014384333583175741,2026-01-22,"Dazu wata budurwa ta da mukayi fada ta kirani har ina jin dadi na dauka wayar da na saya mata zata dawo mun da kaya na ashe wai abinci ta dafa mun inzo in amsa. Mtsewwwww!",household_and_care,woman asks for item,public_interest,,safe,true
hausa,latin,Nigeria,Kano,web_public,https://twitter.com/ItsOnlyIfe/status/2016210510396457364,2026-01-27,"[USER] [USER] See ehn person don Dey tire for dis engagement mata like dis e come be like say na only for big accounts…",media_and_online,engagement and social media,stereotypes,gender,sensitive,true
hausa,latin,Nigeria,Standard,web_public,https://twitter.com/_Moolah_1/status/2015112035512562061,2026-01-24,"[USER] Ehn No mata nah Make e dey feel d dragging E still get another miracle sence for march sef",culture_and_religion,miracle and feeling,public_interest,,safe,true
hausa,latin,Nigeria,Kano,web_public,https://twitter.com/hhhiiiiyyyyyy/status/2015057697037537444,2026-01-24,"[USER] Do am ooooo But na still 50/50 say e go bang cause ehn d mata tire me",household_and_care,Relationship advice,specialized_advice,,sensitive,true
hausa,latin,Nigeria,Kano,web_public,https://twitter.com/Muhammadb723/status/2016693826212036649,2026-01-29,"[USER] Amma kurinka gaya mata idan tana hira da mutane ta riqa Dan murmuhi Mana haba kamar soja kin turke fuska haka haba mana hajiya thanks",culture_and_religion,Criticism and chastisement,hate_or_insult,gender,sensitive,true
hausa,latin,Nigeria,Kano,web_public,https://twitter.com/Adermz_A/status/2016680925812142359,2026-01-29,"[USER] Wannan surutun na banzan da kuke kaeda iyan CS dinnan duk typing naku na Ina sanda bandits suke ta tashen kashe mutane ??? Wallahi idan zamu gane abinda ke mana ciwo mugane idan wannan sakarcin na Kare wadannan mutanen da ba talaka aransu zaku cigaba dayi tom.",governance_civic,Bandits, violence, and victims,misinformation,ethnicity,sensitive,true
hausa,latin,Nigeria,Standard,web_public,https://twitter.com/Pioneerist1/status/2016678041963897230,2026-01-29,"Ka ga farashin coin a DEX a 0.1$ Ka saka buy order Amma saboda mutane da yawa suna saye ko siyarwa a lokaci guda, ma'ana akwai yawan votality, za'a aiwatar da trade ɗinka a 0.15$ Wannan 0.05$ shine slippage naka. Me yasa slippage ke faruwa a DEX?",livelihoods_and_work,Cryptocurrency trading on a DEX,specialized_advice,,safe,true
hausa,latin,Nigeria,Kano,web_public,https://twitter.com/mustybature11/status/2016667214607233195,2026-01-29,"[USER] [USER] Lol, AREWA na fama da mutane let me show u how to write PhD, to avoid disgracing urself in public platform. PhD ai ba karya bace Dan AREWA. At least Mai PhD yafi Mai degree har mu bar dunia.",education,educational advice,specialized_advice,tribe,sensitive,true
hausa,latin,Nigeria,Standard,web_public,https://twitter.com/_AbuJaafar/status/2016652710972432512,2026-01-28,"Ko ka nuna kai nagari ne Ko ka nuna kai mutumin kirki ne Ko ka nuna kai mai tsoron Allah ne Shi kam Allah Ya san ainihin waye kai, kuma zai maka hisabi akan kai waye ne ba yarda ka nuna kanka ko mutane ke kallonka ba. Allah Ya sa baɗininmu ya fi zahirinmu nagarta. -AJ",culture_and_religion,Advice on self-representation,public_interest,,safe,true
hausa,latin,Nigeria,Standard,web_public,https://twitter.com/_AbuJaafar/status/2016652148252017147,2026-01-28,"Ko ka nuna kai nagari ne Ko ka nuna kai mutumin kirki ne Ko ka nuna kai mai tsoron Allah ne Shi kam Allah Ya san ainihin kai waye, kuma zai maka hisabi akan kai waye ba yarda ka nuna kanka ko mutane ke kallonka ba. Allah Ya sa baɗininmu ya fi zahirinmu nagarta",culture_and_religion,religious advice,public_interest,,safe,true
hausa,latin,Nigeria,Standard,web_public,https://twitter.com/Abdalla_Nangere/status/2016650693793263943,2026-01-28,"[USER] Ai yanda kake buda ma mutane, kaima haka Allah zaiyi ta buda maka insha'Allah Dan Mallam",culture_and_religion,Religious advice,public_interest,,safe,true
hausa,latin,Nigeria,Kano,web_public,https://twitter.com/AMuhammad71115/status/2016650437105991779,2026-01-28,"[USER] Aiko kishirayama tashin hankali domin kuna cikin marasa sanin darajar mutane dama Kano Baki daya",culture_and_religion,insult and stereotyping,stereotypes,ethnicity,sensitive,true
hausa,latin,Nigeria,Kano,web_public,https://twitter.com/YusuferIbraheem/status/2016647890031018174,2026-01-28,"[USER] [USER] Nima Daya daga cikin masoyanta ne but Yadda muketa wani hailing dintane akan maganar Mata Luke siding abun Yake batamun rai. Wannan magana ce akan haqqinta na maganar Mata bane. Most of masu surutu da ace she's from their family shiru zaki jisu. Mutane babu respect gaba Daya",culture_and_religion,interpersonal relationships,stereotypes,gender,sensitive,true
hausa,latin,Nigeria,Kano,web_public,https://twitter.com/senatormaajie/status/2016641238678507982,2026-01-28,"[USER] [USER] Kasan menene matsalar duk anyi brain washing mutane wai kwankwaso yake komai ashe gayan nan tun day one dan wahala ne",governance_civic,Political commentary,misinformation,ethnicity,sensitive,true
hausa,latin,Nigeria,Kano,web_public,https://twitter.com/safiyyabiso/status/2016640437142933893,2026-01-28,"[USER] Na Kasa gane ta yaya ne ma zasu fahimta, mace ta zama uwa Amma ba hankali samm. Wasu mazan kuma sun saki ragamar gidansu wa mata su kuma suna nan suna ma mutane hauka. Ni ban daukar jahilcin Irin matan nan wanke su nake sol.",household_and_care,Domestic relations and gender roles,stereotypes,gender,sensitive,true
hausa,latin,Nigeria,Kano,web_public,https://twitter.com/senatormaajie/status/2016635480016642550,2026-01-28,"[USER] [USER] Wlh tsoran mutane nakeji yanxu",culture_and_religion,Fear of people,stereotypes,,sensitive,true
hausa,latin,Nigeria,Standard,web_public,https://twitter.com/YusufHassanTan2/status/2016629249755472153,2026-01-28,"A rayuwa, mutane da dama suna so su samu nasara cikin gaggawa. Suna so su ga sakamakon ƙoƙarin su nan da nan — kamar ana kunna wuta ne ta ƙone. Amma gaskiyar magana ita ce: Komai yana da lokacin sa da Allah ya tsara. *Just be patient &amp; focus* [URL]",culture_and_religion,Patience and focus,public_interest,,safe,true
hausa,latin,Nigeria,Standard,web_public,https://twitter.com/Muhamma04774679/status/2016627155753443345,2026-01-28,"Jawowa Hankalin Shugabanni game da Yawaitar Kashe Mutane || Asso. Prof. Tukur Adam Al-Manar [URL]",governance_civic,Hausa leaders and mass killings,public_interest,ethnicity,sensitive,true
hausa,latin,Nigeria,Standard,web_public,https://twitter.com/Isahdansule/status/2016620484448690551,2026-01-28,"Idan kana gina suna (reputation) saboda mutane su yaba maka lokaci daya to tabbas zaka gaji ne har na dena. Amma idan kana gina suna ne saboda ka san wane ne kai kuma ka nuna wa duniya waye kai to kaine zaka iya tsayawa ayi da kai. 4/",livelihoods_and_work,building reputation,stereotypes,,safe,true
hausa,latin,Nigeria,Standard,web_public,https://twitter.com/Isahdansule/status/2016620242181484705,2026-01-28,"A Web3, mutane suna lura da yadda kake magana yadda kake taimakawa new users yadda kake tsayawa akan kalamanka Ba wai kayi iya na rana daya ba ka dena Ana duba wanda yake nan ne kullum. 3/",media_and_online,Web3 and helping new users,public_interest,,safe,true
hausa,latin,Nigeria,Standard,web_public,https://twitter.com/Isahdansule/status/2016620034655654171,2026-01-28,"Yawancin mutane suna daina aiki ne tun kafin su fara ganin sakamako. Masu gaggawa kenan Masu hakuri kuma suna ci gaba dayi har lokacin da sakamakon ze bayyana da kansa. 2/",livelihoods_and_work,Work habits and perseverance,public_interest,,safe,true
hausa,latin,Nigeria,Standard,web_public,https://twitter.com/muha77795/status/2016613122400723214,2026-01-28,"Mutane suna neman signal, amma basu neman knowledge. Agree ko disagree? #muha77795",media_and_online,Seeking information,public_interest,,safe,true
hausa,latin,Nigeria,Standard,web_public,https://twitter.com/grok/status/2016609272960835841,2026-01-28,"[USER] [USER] Wannan meme ya samo asali daga shirin documentary ""Encounters at the End of the World"" na Werner Herzog (2007). A ciki, penguin ya bar kungiyarsa ya nufi tsaunuka, inda zai mutu saboda rashin abinci da ruwa. Mutane suna kallonsa a matsayin alamar ""nihilism"" – rashin amincewa da",culture_and_religion,Penguin behavior,public_interest,,safe,true
hausa,latin,Nigeria,Standard,web_public,https://twitter.com/OMDHAUSAOFFICIA/status/2016605841311387679,2026-01-28,"Shiga ka ci nasara! Sabbin asusun OMDB Yi rajista kyauta tare da wanda ya gayyace ka, ka karɓi 1 OMDB. Fiye da asusun 100,000 za su amfana Kana iya zama ɗaya daga cikin mutane 5 da za su ci 200 OMDB a staking. [URL] [URL]",livelihoods_and_work,Cryptocurrency and investment,specialized_advice,,sensitive,true
hausa,latin,Nigeria,Standard,web_public,https://twitter.com/OmoteOse/status/2016603461140263295,2026-01-28,"[USER] [USER] [USER] [USER] [USER] [USER] [USER] [USER] [USER] [USER] [USER] [USER] Shegu mutane!!!",culture_and_religion,greeting people,public_interest,,safe,true
hausa,latin,Nigeria,Standard,web_public,https://twitter.com/Mr_shuaibmahmud/status/2016601939346071559,2026-01-28,"[USER] Su bar mutane su ji abin da yake damunsu za su huce akan madina",culture_and_religion,people's concerns,public_interest,,safe,true
hausa,latin,Nigeria,Kano,web_public,https://twitter.com/NK_Jibril/status/2016599802092437807,2026-01-28,"[USER] [USER] Kije kiga yanda Halilu getso yake hira da manyan mutane, honestly akwai kurakurai da kikayi",culture_and_religion,Halilu conversation with elders,public_interest,,safe,true
hausa,latin,Nigeria,Standard,web_public,https://twitter.com/Alameen_slw/status/2016598596431356242,2026-01-28,"[USER] Mutane da shegen iya yi kuma fa? Duk wanda suke maganar ta dade tana tsone masu ido sun rasa yadda zasuyi da ita",culture_and_religion,Hausa social commentary,stereotypes,ethnicity,sensitive,true
hausa,latin,Nigeria,Standard,web_public,https://twitter.com/excellency004/status/2016597804941009000,2026-01-28,"Indai kaga [USER] Sun saka wannan Yar Jaridar [USER] Zatayi maka tambayoyi To Yar Kure za'ai. Sabida Naga bata shakkar saka idonta A idon Manyan mutane. Duk Nutsuwa Irinta Madugu Idan zeyi magana Da mutane, Seda aka sakashi yayi magana ba'a gurbinta ba. Yar Jarida [URL]",media_and_online,news and media,public_interest,,safe,true
hausa,latin,Nigeria,Standard,web_public,https://twitter.com/Baffffa/status/2016597316291940424,2026-01-28,"[USER] Wasu mutane nada matsala aure lokacin ne",culture_and_religion,marriage problems,public_interest,,safe,true
hausa,latin,Nigeria,Kano,web_public,https://twitter.com/Safreenarrhh/status/2016597174092439752,2026-01-28,"That’s social media for you Banga abnda madina tayi ba,Amma baa iya wa mutane! [URL]",media_and_online,social media commentary,public_interest,,sensitive,true
hausa,latin,Nigeria,Standard,web_public,https://twitter.com/SK_Saneey/status/2016596112413515965,2026-01-28,"Indai kaga BBC Hausa Sun saka wannan Yar Jaridar Zatayi maka tambayoyi To Yar Kure za'ai. Sabida Naga bata shakkar saka idonta A idon Manyan mutane. Duk Nutsuwa Irinta Madugu Idan zeyi magana Da mutane, Seda aka sakashi yayi magana ba'a gurbinta ba [URL]",media_and_online,Hausa news media,public_interest,,safe,true
hausa,latin,Nigeria,Kano,web_public,https://twitter.com/hustler770/status/2016596027919241573,2026-01-28,"Idan dan jarida yana hira da mai mulki indai baiye abunda madina mai shanu take ba to ba professional bane dan jarida wakilin al umma ne Idan yana tambayar mai mulki yana magana ne da muryar talakawa All Lokacin da aka dauke mutane a naija Madina mai shanu ta saka BAGO agaba [URL]",media_and_online,Journalist's interaction with government official,public_interest,,sensitive,true
hausa,latin,Nigeria,Standard,web_public,https://twitter.com/GeniusMuhammad9/status/2016593254532215165,2026-01-28,"[USER] Wai unprofessional Sai ka fada mana kai meka karanta kafin muyi judging. Mutum da aikinsa amma kuna masa gyara. Shekararta nawa tana hira da mutane da dama sai yau ne bata san aikinta ba saboda bata murmushi a serious conversation?",livelihoods_and_work,Unprofessional behavior,public_interest,,sensitive,true
hausa,latin,Nigeria,Standard,web_public,https://twitter.com/Jamkhadwudil/status/2016590111568249296,2026-01-28,"Lokaci da kake ɓatawa wajen binciken rayuwar mutane a twitter web3. Yi amfani da wannan lokaci wajen gina naka rayuwar a twitter Web3. [URL]",media_and_online,Twitter web3 research,specialized_advice,,safe,true
hausa,latin,Nigeria,Standard,web_public,https://twitter.com/excellency004/status/2016589986573803627,2026-01-28,"Indai kaga [USER] Sun saka wannan Yar Jaridar Zatayi maka tambayoyi To Yar Kure za'ai. Sabida Naga bata shakkar saka idonta A idon Manyan mutane. Duk Nutsuwa Irinta Madugu Idan zeyi magana Da mutane, Seda aka sakashi yayi magana ba'a gurbinta ba. Yar Jarida tace:- [URL]",media_and_online,Newspaper article discussion,public_interest,,safe,true
hausa,latin,Nigeria,Kano,web_public,https://twitter.com/Jamilfagge/status/2016588701732614491,2026-01-28,"[USER] Saudayawa wasu mutanen suna bata lkcinsu akan abinda ba zai amfanesuba duniyarsu da lahirarsu. Karasa idan zaka bata lkc akai sai akan fuskokin mutane idan suyi dariya kafada idan Kuma sun bata Rai shima kafada. Naga alama bka da aikinyi",culture_and_religion,criticism of behavior,stereotypes,,sensitive,true
hausa,latin,Nigeria,Kano,web_public,https://twitter.com/IluAhmad_/status/2016588190916681919,2026-01-28,"[USER] Malam Siyasar Kano cike take fal da Kananun Mutane",governance_civic,Kano politics,public_interest,,safe,true
hausa,latin,Nigeria,Standard,web_public,https://twitter.com/bmjvermerlleey/status/2016586788274360402,2026-01-28,"Allah ya la'anci wasu mutane Guda Uku....!!! Sheikh Adamu Muhammad Dokoro Hafizahullah. [URL]",culture_and_religion,religious curse,hate_or_insult,religion,sensitive,true
hausa,latin,Nigeria,Standard,web_public,https://twitter.com/Bahaushee/status/2016584908408299665,2026-01-28,"Yayin da kake nema mutane za su yi ta maganganu iri-iri; kana da naci, zafin nema bai kawo sa’a etc., idan ka hakura shi ke nan kai ka yi asara. Idan ka yi hakuri Allah Ya ba ka nasara, da idonka za ka ga sun canza maganarsu.",culture_and_religion,Seeking patience and success,public_interest,,safe,true
hausa,latin,Nigeria,Standard,web_public,https://twitter.com/interlinknige/status/2016584610809803251,2026-01-28,"Meyasa ya kamata mambobi su tara wato (accumulate) $ITLG da yawa? Tabbatar da sahihancin wato (Verification) ɗin $ITLG yana nan tafe, kuma InterLink tana sauyawa daga tsarin bada tukuici wato (rewards) kawai zuwa tsarin tattalin arziki na mutane wato (human-verified economy). A [URL] [URL]",livelihoods_and_work,Digital finance and economy,public_interest,,sensitive,true
hausa,latin,Nigeria,Standard,web_public,https://twitter.com/bmjvermerlleey/status/2016584388574597603,2026-01-28,"In Allah ya baka dama kar ka yadda ka wulaƙanta mutane. Allah shi ne mai caccanza al'amura.",culture_and_religion,Allah's guidance,public_interest,,safe,true
hausa,latin,Nigeria,Standard,web_public,https://twitter.com/___Bils/status/2016583982033346802,2026-01-28,"Sabon Abokin gulma na Tahir , Twitter mai hada mutane",media_and_online,New acquaintance Tahir, Twitter connects people,public_interest,,safe,true
hausa,latin,Nigeria,Standard,web_public,https://twitter.com/Shehhi_waru/status/2016583126919614877,2026-01-28,"[USER] Kudai Mutane Ba’a iya Muku yen Burauba",culture_and_religion,societal norms,stereotypes,ethnicity,sensitive,true
hausa,latin,Nigeria,Standard,web_public,https://twitter.com/MR_FRANK20/status/2016581672255312021,2026-01-28,"Mutane yan son rai ne fah [URL]",culture_and_religion,Societal attitudes,stereotypes,ethnicity,sensitive,true
hausa,latin,Nigeria,Kano,web_public,https://twitter.com/Smart3159/status/2016581606660612479,2026-01-28,"[USER] Kanawa yan kwankoso zaginta kawai sukeyi wai bata girmama kwankoso ba, kaji shedanu ga wanda bai girmama kwankoso cen Abbah gida gida amma basa zaginsa sai yrnyar mutane",culture_and_religion,Insulting and disrespecting others,hate_or_insult,tribe,sensitive,true
hausa,latin,Nigeria,Standard,web_public,https://twitter.com/bmjvermerlleey/status/2016579478697218103,2026-01-28,"Salman Al-Farisi (RA) ya ruwaito cewa Manzon Allah (ﷺ) ya ce: Lalle Allah yana da rahama guda ɗari. Rahama guda ɗaya daga cikinsu ce Allah Ya saukar a duniya, ita ce ake samun soyayya, tausayi da jin ƙai a tsakanin mutane. Sauran rahama casa’in da tara Allah Ya tanada su ne",culture_and_religion,Islamic teaching,public_interest,religion,safe,true
hausa,latin,Nigeria,Standard,web_public,https://twitter.com/ahmadbala360/status/2016577988695847261,2026-01-28,"[USER] PH.D sa ta banza. Mutane nawa yayi wa interview a rayuwa sa as journalist . Ko an gayama kowa CV yake tsoratawa .",education,Education and work,stereotypes,education,sensitive,true
hausa,latin,Nigeria,Standard,web_public,https://twitter.com/Kherleefer04/status/2016574896734658884,2026-01-28,"Salman Al-Farisi (radiyAllahu ‘anhu) ya rawaito cewa Manzon Allah (sallallahu ‘alayhi wa sallam) ya ce: “Lallai Allah Yana da rahama guda ɗari (100). Daya daga cikin wannan rahamar ne Allah Ya saukar a duniya, wanda ta sanadiyyarsa mutane ke nuna soyayya da tausayi ga juna.",culture_and_religion,Hadith on Allah's mercy,public_interest,,safe,true
hausa,latin,Nigeria,Standard,web_public,https://twitter.com/AnnasihaTv/status/2016566765463933251,2026-01-28,"""Idan da ace Demokuraɗiyya Mulki ne na mutane, ga mutane, yadda mutane suke so, sadda da idda da abinda suke so, babu yadda za'a yi ace su Jama'ar da ake cewa za'a yiwa Demokuraɗiyyar ga wanda suke so, amma kuma ƴan Demokuraɗiyyar basa son wannan mutumin, su kuma ga wanda suke so",governance_civic,Democracy and governance,public_interest,,safe,true
hausa,latin,Nigeria,Kano,web_public,https://twitter.com/AlhasanYus22366/status/2016658104675336600,2026-01-28,"''Ina nan a NNPP tare da Jagora Rabi'u Musa Kwankwaso duk inda zai je a siyasa, domin shi ne jam'iyyata ina yi wa yan uwa na da su ka bi Gwamna fatan alheri amma ni ba zan iya bin Abba ba''- Comr. Yusuf Hussain Al Hassan. (Dan umma kwankwasiyya) [URL]",governance_civic,Hausa politics,public_interest,,safe,true
hausa,latin,Nigeria,Kano,web_public,https://twitter.com/Muhammed558393/status/2016634485010235734,2026-01-28,"[USER] [USER] [USER] [USER] [USER] [USER] [USER] [USER] Allah yasa mai girma gwamnan jahar Kano Abba gida gida [USER] yabaka wannan mukami domin Al,umma su amfana",governance_civic,Appreciation for governor,public_interest,,safe,true
hausa,latin,Nigeria,Standard,web_public,https://twitter.com/nasirukasimukm/status/2016594855439327575,2026-01-28,"[USER] [USER] Gwamna mai kishin al'umma insha Allah",governance_civic,Political leader,public_interest,,safe,true
hausa,latin,Nigeria,Standard,web_public,https://twitter.com/BatureGwarzo/status/2016591946161037691,2026-01-28,"Comr. [USER] ginshiƙi ne na amana da kishin al’umma. Tsayuwarsa kan akidar Kwankwasiyya ba don siyasa ba ce, sai don gaskiya, adalci da mutuncin talaka. A Lokacin da da yawa ke juyawa bisa son rai, shi ya zaɓi tsayuwa kan hanya madaidaiciya. Ba ya sayar da akida [URL]",governance_civic,political activism,public_interest,,safe,true
hausa,latin,Nigeria,Kano,web_public,https://twitter.com/all_abt_alamin/status/2016587559950807062,2026-01-28,"[USER] Wai ni kam kun zabe shi ne domin yayi ma al'umma aiki ko kuma domin yayi ma kwankwaso biyayya. Ni na rasa gane irin tinanin ku. Da ace Allah ya hada ku da irin Uba Sani da shine zaku gane Allah daya ne. Ku gode ma Allah Abba yana aiki",governance_civic,voting and obedience,public_interest,,safe,true
hausa,latin,Nigeria,Kano,web_public,https://twitter.com/all_abt_alamin/status/2016584423899005023,2026-01-28,"[USER] [USER] Sufa yan kwankwasiyya in dai zakayi ma kwankwaso biyyayya toh sun yafe ma, idan kaso kar kayi ma al'umma aiki. Haka ne zai sa ka gane yan son zuciya ne ba wai yan son ci gaban kano bane da al'ummar kano",governance_civic,Support for Kwankwaso,stereotypes,ethnicity,sensitive,true
hausa,latin,Nigeria,Kano,web_public,https://twitter.com/all_abt_alamin/status/2016583575827632515,2026-01-28,"[USER] [USER] Ina ruwan dan kano da serving al'umma. In as much as bazaka bi madugu ba toh fa gani sukeyi kaman kayi ridda.",household_and_care,Local water and service,public_interest,,sensitive,true
hausa,latin,Nigeria,Standard,web_public,https://twitter.com/Mkadam6163/status/2016577826523054400,2026-01-28,"Matsayarmu kenan Ba ma wallafa hotunan shehunammu don tayar da husuma ko wani yaji haushi, muna yin hakan ne domin tunatar da al’umma irin gaggarumar gudumawar da suka bayar ga addinin Allah cewar. Alhamdulilah Barhama. [URL]",culture_and_religion,Sharing photos of religious leaders,public_interest,,safe,true
hausa,latin,Nigeria,Standard,web_public,https://twitter.com/IluAhmad_/status/2016524749342433471,2026-01-28,"[USER] Uncle K, Allah ya Kara hikima da Basira, wannan Gaskiyar zance kenan. Siyasa Mu’amala ce, baze yiwu a mayar da al’umma ba tsari ba ta hanyar halatta haram, cin Amana da butulci a matsayin hanyar da za’a ringa fito da shuwagabanin Al’umma ba kuma mu ringa tsamanin chanji ingantace",governance_civic,Hausa politics and governance,public_interest,,safe,true
hausa,latin,Nigeria,Standard,web_public,https://twitter.com/zarewa_jr/status/2016521266056872300,2026-01-28,"[USER] Masha Allah, yayiwa al'umma ayyukan Alkhairi.",culture_and_religion,Blessing and good deeds,public_interest,,safe,true
hausa,latin,Nigeria,Standard,web_public,https://twitter.com/Binmusa73/status/2016517265601044631,2026-01-28,"[USER] Engr kai ne silar Dokar haraji saboda tana cikin manifesto dinka ns 2023 kuma kun zo kuna naiman dauke hankalin al'umma daga halin kuncin rayuwa da aka sa talakawa ta hanyar chanji gidan siyasa [URL]",governance_civic,Hausa tax policy,public_interest,,safe,true
hausa,latin,Nigeria,Standard,web_public,https://twitter.com/Jumane22/status/2016515934488268825,2026-01-28,"Golden Gate Mainnet A ranar 5 ga Mayu, 2025, mainnet na Shardeum mai amfani da token kawai ya fara aiki. Al’umma ce ta sanya masa suna Golden Gate, wanda ya tabbatar da hangen nesa na decentralization da ke fifita al’umma. Wannan lokaci ne na tarihi ga dukkan tsarin",livelihoods_and_work,Shardeum mainnet launch,public_interest,,safe,true
hausa,latin,Nigeria,Standard,web_public,https://twitter.com/Idrisdauda123/status/2016508235813925033,2026-01-28,"Ya Allah, Ka kare Ahmed Musa daga duk sharri da cuta. Ka ba shi lafiya, ƙarfi, da farin ciki a rayuwarsa. Ka cika dukkan burinsa na alheri, Ka sa shi ya zama abin alfahari ga iyalinsa da al’umma. Ka saka masa da alheri bisa duk taimakon da zai yi, amen [URL]",culture_and_religion,Prayer for Ahmed Musa,public_interest,,safe,true
hausa,latin,Nigeria,Standard,web_public,https://twitter.com/UsamaUsman16898/status/2016502994334851227,2026-01-28,"Matasa su ne ginshiƙin al’umma, su ne kuma jagororin gobe. Don haka ya wajaba matasa su gane cewa rayuwa ba wasa ba ce, tana buƙatar haƙuri, jajircewa da hangen nesa [URL]",culture_and_religion,youth as leaders,public_interest,,safe,true
hausa,latin,Nigeria,Standard,web_public,https://twitter.com/Maldineey/status/2016499207243169852,2026-01-28,"Toh Allah dai ya kyauta wannan Matartar Al’umma",culture_and_religion,religious blessings,public_interest,,safe,true
hausa,latin,Nigeria,Standard,web_public,https://twitter.com/Abdulkaura000/status/2016496393712488715,2026-01-28,"[USER] [USER] Gaskiya ne! Karfin al'umma shi ne kashin bayan kowane babban aiki a Web3. Tsarin Aptos abin koyi ne ga kowa. Muna alfahari da kasancewa cikin wannan tafiya! #Aptos #Web3 #Community""",media_and_online,Web3 community and Aptos,public_interest,,safe,true
hausa,latin,Nigeria,Kano,web_public,https://twitter.com/ie_Mooh/status/2016440690373202208,2026-01-28,"[USER] The thing is that humanity yayi shortage sosai ba cikin Al umma yanzu",culture_and_religion,Humanity's shortage,public_interest,,safe,true
hausa,latin,Nigeria,Standard,web_public,https://twitter.com/FaggeMakam72732/status/2016415064832553237,2026-01-28,"Gwamnan Al'umma Tareda sanatan Al'umma AKY 4+4 insha Allahu Rabbi [URL]",governance_civic,Governance and religion,public_interest,,safe,true
hausa,latin,Nigeria,Kaduna,web_public,https://twitter.com/Mymuhammadsani/status/2016318724572127309,2026-01-28,"[USER] Gwamnan Al'umma Kaduna Muna qaunarka dawo dawo 4+4",governance_civic,Greetings and political campaign,public_interest,,safe,true
hausa,latin,Nigeria,Standard,web_public,https://twitter.com/Future_Sec_Gen/status/2016290806093459680,2026-01-27,"Duk inda jam’iyya ta yi rinjaye, abin da ya fi muhimmanci shine tsaro da ci gaban al’umma, musamman a jihohin da ta’addanci ke addabar mutane. Wannan ne zai yi tasiri ga mu a zahiri, ba wai sunan jam’iyya ba. Allah ya amintar damu [URL]",governance_civic,Hausa politics and security,public_interest,,safe,true
hausa,latin,Nigeria,Standard,web_public,https://twitter.com/Creedal_Arch/status/2016265849703633157,2026-01-27,"[USER] Ubangiji Allah ya Baka lfy da sauran al'umma.",culture_and_religion,Blessings and well-wishes,public_interest,,safe,true
hausa,latin,Nigeria,Standard,web_public,https://twitter.com/OMDHAUSAOFFICIA/status/2016264629685555454,2026-01-27,"SAMI 1 OMDB KYAU YANZU! Dama ce ta ƙari! Shiga cikin al’umma ta dijital cikin sauƙi: Rijista [URL] Bi mu a X, TikTok, YouTube, Telegram &amp; WhatsApp Aiko hoton allo da walat ɗinka Lokacinki ne ka haskaka! OMDB #ShigaYanzu [URL]",media_and_online,digital community access,public_interest,,safe,true
hausa,latin,Nigeria,Standard,web_public,https://twitter.com/Shamsuisah123/status/2016245380640358850,2026-01-27,"Ci gaban al’umma bai fito ba amma ci gaban aljihu ya fito sarai [URL]",livelihoods_and_work,Economic progress,public_interest,,safe,true
hausa,latin,Nigeria,Kano,web_public,https://twitter.com/fatima_abu80424/status/2016236557745664034,2026-01-27,"[USER] [USER] [USER] Smile Allah ya bawa mash Rabo sa a nasan oga Gayu yawuce haka Amma Insha Allah zaiyi masu like sabida Yana son cin gaban Al umma sosai Wanda ya nuna ma Ka nemi kudi ya Tura ma Abinda zaka saya Ka samu riba Ai bazaima kyashin samun 5k Ba fatan Mu Allah ya kare mana oga [USER]",culture_and_religion,Advice and encouragement,public_interest,,safe,true
hausa,latin,Nigeria,Standard,web_public,https://twitter.com/DambamUmar/status/2016219727895404922,2026-01-27,"[USER] Kaji tsoron Allah ka daina yaɗa ƙarya, Allah sai ya maku hisabi domin kana son ɓata shi a wurin al' umma [URL]",culture_and_religion,Islamic teachings,public_interest,,sensitive,true
hausa,latin,Nigeria,Standard,web_public,https://twitter.com/Baash_Kano/status/2016208142892199984,2026-01-27,"Komawar mutuminan akwai taɓa rai, sai dai mu yi masa addu'ar Allah ya masa abun da ya yiwa al'umma da suka zabe shi.. [URL]",culture_and_religion,prayer for leadership,public_interest,,safe,true
hausa,latin,Nigeria,Standard,web_public,https://twitter.com/Abdulla8187/status/2016173208014061594,2026-01-27,"13/14 Delegation A Aiki Shirin Delegation na Shardeum ya buɗe ƙofa ga mutane da yawa don shiga cikin tsaron network. A cikin mako biyu kacal: An stake SHM biliyan 1.2 (1.2B) SHM miliyan 810 (810M) daga hannun al’umma Delegate. Kare Network. Samu Riba.",livelihoods_and_work,Shardeum network staking,public_interest,,safe,true
hausa,latin,Nigeria,Standard,web_public,https://twitter.com/Abdulla8187/status/2016172207190241719,2026-01-27,"10/14 Daga Super Shardians zuwa Ambassadors A shekarar 2025, Super Shardians sun bunƙasa zuwa cikakken Shirin Ambassador, wanda ya haɗa: masu ƙirƙirar content, developers, masu fassara, moderators da shugabannin al’umma. Ga tasirin da aka samu a watan farko kawai a X",media_and_online,Transition from Super Shardians to Ambassadors,public_interest,,safe,true
hausa,latin,Nigeria,Standard,web_public,https://twitter.com/Abdulla8187/status/2016172145559081212,2026-01-27,"9/14 Saka Wa Al’umma Lada: Airdrops a 2025 Ci gaban aikin ya samu ƙarfi ne daga gudunmawar al’umma, kuma an saka musu lada gwargwadon gudummawar da suka bayar. [URL]",livelihoods_and_work,Airdrops and community development,public_interest,,safe,true
hausa,latin,Nigeria,Standard,web_public,https://twitter.com/Abdulla8187/status/2016171461359100201,2026-01-27,"3/14 Golden Gate Mainnet A ranar 5 ga Mayu, 2025, mainnet na Shardeum (na token kawai) ya fara aiki a hukumance. Al’umma ce ta sanya masa suna Golden Gate, wanda ya tabbatar da hangen nesa na decentralization da ke fifita al’umma (community-first). Wannan lokaci ne na tarihi",governance_civic,Shardeum mainnet launch,public_interest,,safe,true
hausa,latin,Nigeria,Standard,web_public,https://twitter.com/UnknownUstaz/status/2016161850489012375,2026-01-27,"[USER] Nikam banjin akwai Wanda Allah ze duba cikin Masu mulkinmu da idon rahama sbda dukansu self interest ne agabansu ba cigaban al’umma ba. Ko kinsan Wanda ya fifita bukatan mutane over nashi ?",governance_civic,government leadership and interests,public_interest,,sensitive,true
hausa,latin,Nigeria,Standard,web_public,https://twitter.com/ASHIRUTUKUR17/status/2016143481488429131,2026-01-27,"[USER] [USER] [USER] Congratulations my friend I wish you all success Nasiha ta a gare ki shine kiji tsoron Allah kiyi abunda kika San zai taimake ki da yan uwan ki da al’umma Baki daya da kuma addinin ki kar abun duniya yasa ki yi abun da zaki zo kima da Kin sanin karbar wanna abun please",culture_and_religion,Advice and Encouragement,public_interest,,safe,true
hausa,latin,Nigeria,Standard,web_public,https://twitter.com/Amir_Writes/status/2016133662920565024,2026-01-27,"[USER] Ban da shi kam babu wani abu da al'umma su ke amfana. Shuwagabanni ba su da wata manhajar kawowa al'umma ci gaba sai dai tunanin yadda za su yi tazarce kawai.",governance_civic,public apathy and politicians,public_interest,,safe,true
hausa,latin,Nigeria,Standard,web_public,https://twitter.com/KhaleephaLabiru/status/2016131802235089401,2026-01-27,"[USER] [USER] Allah yasa suyi abun arziki da data. Amma in dai Malamai basu wayar da kan al’umma ba aka sassauta wajen hayayyafar ‘ya’yan da iyaye zasu iya kula da su ba, duk gyaran da zaa yi ba zai zama sustainable ba.",education,Arziki and education,public_interest,,safe,true
hausa,latin,Nigeria,Standard,web_public,https://twitter.com/idris_abdu87130/status/2016100553596506247,2026-01-27,"Jagoranci na gaskiya yana kan haɗin kai, adalci, da hidima ga al’umma. Lokacin da shugabanni ke saka matasa a gaba, ana gina makoma mai kyau. Allah ya ci gaba da shiryar da shugabanninmu domin zaman lafiya da ci gaban Borno State.",governance_civic,Leadership, justice, and service,public_interest,,safe,true
hausa,latin,Nigeria,Standard,web_public,https://twitter.com/khaleeffah/status/2016075877163978900,2026-01-27,"Alhamdulillah Naji dadin ganin wannan post din, tsakanin mu da JAGORA [USER] sai godiya. Allah ne kade ze biyashi abunda yayiwa Al'umma. #Kwankwasiyya4ever [URL]",media_and_online,Appreciation for online content,public_interest,,safe,true
hausa,latin,Nigeria,Standard,web_public,https://twitter.com/EngrShehuMansur/status/2016071995163541696,2026-01-27,"[USER] Shi da yasan halin Nigerians, wa ya aike shi yayi qarya har haka. Illar da ya jawa kansa, ya jawa al'umma tayi komai anan. Duk abinda ya biyo bayan qaryar da ya shirga shi ya ja.",culture_and_religion,Criticism of Nigerians,stereotypes,ethnicity,sensitive,true
hausa,latin,Nigeria,Standard,web_public,https://twitter.com/aliyoursnaira/status/2016071430186643514,2026-01-27,"Nima ina so na fara make up sbd taimakawa al umma mata [URL]",health,make up and community support,public_interest,gender,sensitive,true
hausa,latin,Nigeria,Standard,web_public,https://twitter.com/zarewa_jr/status/2016052851554820590,2026-01-27,"[USER] [USER] Wani cigaban Matsala ne ga al'umma",culture_and_religion,Social issue,public_interest,,sensitive,true
hausa,latin,Nigeria,Standard,web_public,https://twitter.com/HassanGusau2022/status/2016050830701400524,2026-01-27,"[USER] Excellency wannan Rubutu Bai Yi ba. Da Kai da H.E Matawalle da H.E AA Yari duk jagororin Al'umma kuke. Allah ya sawwaqe yakawo mafita asamu dai dai to.",culture_and_religion,Greeting and well-wishes,public_interest,,safe,true
hausa,latin,Nigeria,Standard,web_public,https://twitter.com/Jameelweb3/status/2016048192555475124,2026-01-27,"Shekara goma kenan $PIVX suna gina wani abu mai ban mamaki, tare da al’umma da ta yi imani da sirri da ’yanci. Muna fara celebrating tun kwanaki goma kafin ranar. Ranar 30 ga watan January nan, mu yi murna tare dukkanmu. Explore it [URL] [USER] [URL]",media_and_online,PIVX blockchain development,public_interest,,safe,true
hausa,latin,Nigeria,Standard,web_public,https://twitter.com/fatimaaaah__/status/2016047602999955894,2026-01-27,"Masu cewa siyasa bukata ce ta kai kusani duk wanda ya goyi bayan shugaba saboda maslahar kansa bata al'umma ba ko kuma shugaban da ya fifita bukatar kansa bata al'umma,su na cikin mutane 3 da Allah ba zai dubesu ba ranar gobe kiyama. Cigaba da cewa politics is a game of interest",governance_civic,Politics and self-interest,public_interest,,sensitive,true
hausa,latin,Nigeria,Katsina,web_public,https://twitter.com/AbduTsauri68666/status/2016040278721749290,2026-01-27,"Bamu da gurin da ya wuce Jihar Katsina ta zauna lafia. Al'umma suyi noma, suyi kiwo tare da yin kasuwancinsu cikin kwanciyar hankali ba tare da fargabar zaa dauke mutum ba. Ko da an samu matsala a lamarin Sulhun da muka kulla za mu ringa bibiya dan ganin an samu daidaito",livelihoods_and_work,Farming and livelihood,public_interest,,safe,true
hausa,latin,Nigeria,Standard,web_public,https://twitter.com/harunaimam25/status/2016035769521950974,2026-01-27,"Inganta ilimi da bunkasa ilimi sai Wanda yasan darajar ilimi. Tabbas Gwamna Uba Sani ya ciri tuta ,ya tabbatar wa al'umma lallai yasan darajar. Ilimi. LEA Primary School, Gonin Gora LEA Primary School, Baban Dodo Kakuri LEA Primary School, Sultan Bello [URL]",education,Education and learning,public_interest,,safe,true
hausa,latin,Nigeria,Standard,web_public,https://twitter.com/jarrhead15/status/2016662966855233727,2026-01-29,"Kudi sun yi. An sa maka aure sati daya amma ka gama komai a satin nan. Toh yayi",culture_and_religion,marriage,public_interest,,safe,true
hausa,latin,Nigeria,Standard,web_public,https://twitter.com/iamhassan81761/status/2016648493046128885,2026-01-28,"Zaka kara aure ne wai [URL]",culture_and_religion,marriage proposal,public_interest,,safe,true
hausa,latin,Nigeria,Kano,web_public,https://twitter.com/muhdshaheed/status/2016648017932070989,2026-01-28,"Yanzu fi sabilillahi kayi aure before Ramadan ka dawo aiki cikin azumi kaga matan ka haka a kitchen Tana muku Iftar, wallahy Allah neh kadai ze Hana ayi abun kunya [URL]",culture_and_religion,Marriage and Ramadan,public_interest,,sensitive,true
hausa,latin,Nigeria,Kano,web_public,https://twitter.com/Abbati33/status/2016643778262577153,2026-01-28,"[USER] Abu Rayyan inaso nayi aure wallahi kamin afara azumi. Atayani da addu'a wallahi nasa Allah zai kawomin hanyar da zanyi. Allah yasani wallahi ina bukatar aure",culture_and_religion,Marriage proposal,specialized_advice,,safe,true
hausa,latin,Nigeria,Standard,web_public,https://twitter.com/Zahraddin_b/status/2016639570515816924,2026-01-28,"Idan an sauwaƙa aure sai zina tayi wahala, idan an tsananta aure sai zina tayi sauƙi.",culture_and_religion,marriage and adultery,public_interest,,safe,true
hausa,latin,Nigeria,Kano,web_public,https://twitter.com/mustybature11/status/2016638365886546151,2026-01-28,"[USER] [USER] Akwai iyayen ta wadanda sukayi aure Kuma suna aikin jarida a BBC Amma bamuga sunayin irin tsarin tambayar ta ba,EG Jamila tangaza,Bilkisu yusuf.Waya damu ta fara'ar ta,ai kaine hankalinka ya damu da fara'arta,Amma muna jawo hankalinta tasan irin yanda Zata dinga respond wa elders",media_and_online,Discussing relatives and journalism,public_interest,,safe,true
hausa,latin,Nigeria,Standard,web_public,https://twitter.com/makarphee/status/2016631941475299495,2026-01-28,"[USER] Malama daga jiya zuwa yau naga kinata magan ganu ne akan aure da relationship",culture_and_religion,marriage and relationships,public_interest,,safe,true
hausa,latin,Nigeria,Standard,web_public,https://twitter.com/Abbaspark02/status/2016628228014641203,2026-01-28,"[USER] Tana matar aure sai kuma ta dinga dariya shasha kawai A koma islamiya dan Allah",culture_and_religion,marriage and religion,public_interest,religion,sensitive,true
hausa,latin,Nigeria,Kano,web_public,https://twitter.com/ASMukhtar_/status/2016626694363271352,2026-01-28,"Wai so kuke ta sake baki kaman sakaryar bazawara ne ko me? Ko aiko ku akayi dai? [URL]",media_and_online,Inquiry or reaction,public_interest,,sensitive,true
hausa,latin,Nigeria,Kano,web_public,https://twitter.com/MohammadMa95777/status/2016614426871316978,2026-01-28,"Tinanin wata bazawara ne ya hana ni yin posting yau [URL]",media_and_online,Social media post,public_interest,,safe,true
hausa,latin,Nigeria,Standard,web_public,https://twitter.com/Simple_BoyFx/status/2016508001222336839,2026-01-28,"Amman dee bazawara ce ke koh! [URL]",culture_and_religion,Surprise or astonishment,stereotypes,,sensitive,true
hausa,latin,Nigeria,Kano,web_public,https://twitter.com/amigos_04/status/2016132944352440754,2026-01-27,"[USER] Mutumina kai ma dai Ashe akwai turanci dazu haka wata bazawara ta sani a gaba nace inama a nema mata ko teaching ne a matakin karamar hukuma kasan macemacen aure yayi yawa",education,marriage and education,public_interest,,safe,true
hausa,latin,Nigeria,Kano,web_public,https://twitter.com/StillYoursADD/status/2015502986575798537,2026-01-25,"Wannan tsarin yayi min wallahi Ku rubuta ku ajiye, Kun biyoni bashin wannan. Ni da Bazawara ta [URL]",livelihoods_and_work,Financial transaction,public_interest,,safe,true
hausa,latin,Nigeria,Standard,web_public,https://twitter.com/AeeeGeee/status/2015484471894511924,2026-01-25,"[USER] Shegiyar bazawara kenan",livelihoods_and_work,wandering or roaming,stereotypes,,safe,true
hausa,latin,Nigeria,Standard,web_public,https://twitter.com/Mahmud_TI/status/2015373759042015681,2026-01-25,"[USER] nan maqotan ku za a samu ko wata bazawara haka? [URL]",media_and_online,Online content availability,public_interest,,safe,true
hausa,latin,Nigeria,Standard,web_public,https://twitter.com/AbdulkarMal/status/2015338780207521821,2026-01-25,"[USER] KADA KUKI AUREN (BAZAWARA)DOMIN TAYI AURE TA FITO DAGA GIDAN MIJI AUREN TA YA MUTU KADA KU KYAMACESU IN SUNA DABIA MAI KYAU THATS WHA SHES SAYING",culture_and_religion,Advice about marriage,stereotypes,gender,sensitive,true
hausa,latin,Nigeria,Standard,web_public,https://twitter.com/kaseem_k2/status/2015190733309837624,2026-01-24,"[USER] Kina nufin Bazawara",culture_and_religion,Desire, Intention,public_interest,,safe,true
hausa,latin,Nigeria,Kano,web_public,https://twitter.com/FUADAHMADSAID/status/2015181443823968670,2026-01-24,"[USER] Ina neman Bazawara, amma sakin wawa. Dm dina a bude yake",livelihoods_and_work,Seeking Bazawara, refusing fool,specialized_advice,,safe,true
hausa,latin,Nigeria,Standard,web_public,https://twitter.com/BalaSir79182/status/2014714051469684794,2026-01-23,"Kuttttttttt bazawara duniya ce Allah ya kara yawan zaurawa yanxu duk na rabu da yanmatan nan bazawara kawai allaji [URL]",culture_and_religion,religion and social media,misinformation,religion,sensitive,true
hausa,latin,Nigeria,Standard,web_public,https://twitter.com/BalaSir79182/status/2014713345421476215,2026-01-23,"Wato man sagir mutane akwai son gulma, man sagir ya ina tare da bazawara kana gaida ni, salon kaje kai gulma bani da hujjan kare kaima [URL]",culture_and_religion,Interpersonal conflict,hate_or_insult,tribe,sensitive,true
hausa,latin,Nigeria,Kano,web_public,https://twitter.com/Farouk_dambatta/status/2014324909766303891,2026-01-22,"Allah ya kawo kasuwa ogah. Ina da wata bazawara a hotoro tana san mayafi... [URL]",livelihoods_and_work,Market visit,public_interest,,safe,true
hausa,latin,Nigeria,Standard,web_public,https://twitter.com/umar_aliman/status/2014300696615502295,2026-01-22,"[USER] Kuma gashii kanen namu is 28yrs kuma saii yakaii 30yrs za'afara maganar Auren sa da bazawara",culture_and_religion,Marriage plans,public_interest,age,sensitive,true
hausa,latin,Nigeria,Standard,web_public,https://twitter.com/The_Umdazz/status/2016215018912510330,2026-01-27,"[USER] [USER] Duk macen da ke hawa doki er iska ce Shi swimming baa magana Malam bahaushe una",culture_and_religion,Horse riding and swimming,stereotypes,gender,sensitive,true
hausa,latin,Nigeria,Somaliland,web_public,https://twitter.com/Nicmo81/status/2015060993454322054,2026-01-24,"[USER] Mustafe siyaasada Somaliland ma khuseeyso. Dad ban uu xilsaaraaneey beri horena ninkani Somaliland wuu ku xadgudbeey. Haddaba haddu Somaliland ka soo horjeedo ha uu tago ibtisaamka marba ka hadlineeysa ama Norwaydii uu iska dhiibey er uu basaaborkooda labta ku sito.",governance_civic,Politics in Somaliland,misinformation,tribe,sensitive,true
hausa,latin,Nigeria,Kano,web_public,https://twitter.com/halal_parrot/status/2016671184142643552,2026-01-29,"[USER] [USER] Bamu da aiki sai kushe namu, sister Allah Ya miki albarka. A tunanin ku duk abubuwan da take yi basa tafiya in line with ethics din profession din ta ne ko dai ku ne kuka ci kai? Menene laifin ta? Ku duba sauran media outlets ku ga yadda ake hira mana, komi sai mun yi shisshigi",livelihoods_and_work,Work and ethics,public_interest,,safe,true
hausa,latin,Nigeria,Standard,web_public,https://twitter.com/YusuferIbraheem/status/2016656220065530092,2026-01-28,"[USER] Don't worry, Allah yana aiki da zukatanmu ne. Zabin Allah shine daidai ba namuba. Allah yasa haka shine mafi Zama Alheri.",culture_and_religion,religion and faith,public_interest,,safe,true
hausa,latin,Nigeria,Standard,web_public,https://twitter.com/YusuferIbraheem/status/2016647171198586880,2026-01-28,"[USER] [USER] Tayani gani dai Yarinya tana aiki Ashe gaba Daya ita suka sakama ido.",livelihoods_and_work,Observation of a woman at work,public_interest,,safe,true
hausa,latin,Nigeria,Kano,web_public,https://twitter.com/RilSmithX/status/2016644870052463059,2026-01-28,"Yanzu dai en Kwankwasiyya za su koya miki Aiki Hajia, yanzu dai a je ai ma Abba Kabir interview… Ina miki fatan Alkhairi sosai, kuma Allah zai daga ki samma a aikin da kike yi… [URL]",media_and_online,Hausa politics and media,public_interest,,safe,true
hausa,latin,Nigeria,Standard,web_public,https://twitter.com/Abu_Jawaadd/status/2016642583196238150,2026-01-28,"[USER] Kalau wallahi ya aiki Sir",livelihoods_and_work,Exclamation,public_interest,,safe,true
hausa,latin,Nigeria,Kano,web_public,https://twitter.com/Hgentle01/status/2016640308784545874,2026-01-28,"Domin yin aiki yadda ya dace dole sai an sami wadda yasan ka'ida da dokar aiki, babu zance daura fuska domin raina wani zance ake na hankali don haka dole sai an saka hankali da nutsuwa ba kamar shirin Online Media bane da zaka zo kana yake hakora. [USER] Allah yayi jogara. [URL]",livelihoods_and_work,Workplace advice,public_interest,,safe,true
hausa,latin,Nigeria,Standard,web_public,https://twitter.com/Rabiatu60076168/status/2016639615453589568,2026-01-28,"[USER] [USER] Gwammana aiki",livelihoods_and_work,work task,public_interest,,safe,true
hausa,latin,Nigeria,Standard,web_public,https://twitter.com/Hgentle01/status/2016638598225801479,2026-01-28,"[USER] [USER] There is a difference between being a professional journalist and tik toker. Ba wasan kwai kwaiyo bane aikin jarida aikine na hankali [USER] aiki na kyau.",media_and_online,journalism and social media,public_interest,,safe,true
hausa,latin,Nigeria,Kano,web_public,https://twitter.com/AutaKari65/status/2016630319403639031,2026-01-28,"Ina Taya Abokina Ibrahim Umar Murna da samun kayan aiki daga wajen matashi mai ƙoƙarin taimakawa matasanmu, Arc. Usman Ya’u Darazo. Ebraheem Umar Ina Addu’ar Allah Ya sanya Albarka A Wannan Kyauta. Arc. [USER] Darazo, Muna Maka Fatan Alheri Da Ƙarin Nasara. ©Auta [URL]",livelihoods_and_work,Receiving work supplies,public_interest,,safe,true
hausa,latin,Nigeria,Standard,web_public,https://twitter.com/saarkinrafi/status/2016627139135652306,2026-01-28,"[USER] Loyalty baya aiki fah,",livelihoods_and_work,Loyalty and work,public_interest,,safe,true
hausa,latin,Nigeria,Standard,web_public,https://twitter.com/ADPRMR/status/2016626734888550687,2026-01-28,"[USER] MashaAllah Allah ya kara karfin gwiwa wajan Yuma alumma aiki",culture_and_religion,Praise and encouragement,public_interest,,safe,true
hausa,latin,Nigeria,Kano,web_public,https://twitter.com/Alzabury/status/2016626167982280821,2026-01-28,"[USER] Unprofessional? Wasa taje yi dashi ko aiki taje yi? Lol. You guys are funny.",livelihoods_and_work,work and leisure,stereotypes,,sensitive,true
hausa,latin,Nigeria,Standard,web_public,https://twitter.com/ikangbo_gabriel/status/2016624644472611153,2026-01-28,"PETER OBI KO BA KOMAI. Domin gaskiya, aiki tukuru, da shugabanci nagari. Lokacin canji ya yi. Zaɓinmu a bayyane yake. [URL]",governance_civic,Politics and Elections,public_interest,,safe,true
hausa,latin,Nigeria,Kano,web_public,https://twitter.com/B_ELRUFAI/status/2016621415353504101,2026-01-28,"[USER] [USER] Ba ka da adalci fa my brother. Ana aiki ka kawo Digital STD. Akwai aiki, akwai karuwanci 40K. It’s fa Flexy, my Daughters driver ignores her. Ama na gaya wa Kawu zan ba shi 40k ya bata love.",livelihoods_and_work,Moral accusation and financial transaction,hate_or_insult,gender,sensitive,true
hausa,latin,Nigeria,Standard,web_public,https://twitter.com/abduorrahman/status/2016617395993936230,2026-01-28,"[USER] Yanzu haka akwai kwangilar da ake zargin ance an bashi ta titi 22B kuma 8B se ta gama aiki har alheri da haraji zaiyi included.",livelihoods_and_work,Transportation,public_interest,,safe,true
hausa,latin,Nigeria,Standard,web_public,https://twitter.com/bellosabonkudii/status/2016643476843110410,2026-01-28,"Yau fa en chacha ba labari",media_and_online,gossip or news,public_interest,,safe,true
hausa,latin,Nigeria,Kano,web_public,https://twitter.com/abubaka53690581/status/2016640978765934783,2026-01-28,"[USER] Idan da mutunce walahi da kiyama walahi Abba bazai ce amanar Kwankwaso ba, wannan abin zallar cin Amana ce, ko a labari ban Taba Jin cin amana mai muni ba kamar wannan",culture_and_religion,Betrayal of trust,misinformation,tribe,sensitive,true
hausa,latin,Nigeria,Standard,web_public,https://twitter.com/Imvm_jr/status/2016623662237962747,2026-01-28,"[USER] Allah koh? Zoka bamu labari.",culture_and_religion,religious inquiry,public_interest,,safe,true
hausa,latin,Nigeria,Kano,web_public,https://twitter.com/PTimesHausa/status/2016557817864355938,2026-01-28,"Al’ummar Daura sun nesanta kansu daga taron mara wa takarar Radda da Tinubu baya a 2027 [URL]",governance_civic,Daura community politics,public_interest,tribe,sensitive,true
hausa,latin,Nigeria,Standard,web_public,https://twitter.com/mni_JJ/status/2016550970063278538,2026-01-28,"Kayi hakuri, wata rana sai labari [URL]",media_and_online,patience, information,public_interest,,safe,true
hausa,latin,Nigeria,Standard,web_public,https://twitter.com/ahameed02/status/2016544809838662113,2026-01-28,"[USER] Toh! Haka dai mukaji labari. Ana nan anata muhawara yaya labarin yake.",culture_and_religion,dialogue about a story,public_interest,,safe,true
hausa,latin,Nigeria,Kano,web_public,https://twitter.com/ZuwairaNasir/status/2016527566488637465,2026-01-28,"[USER] Ashe an fara gemu ba labari",media_and_online,beginning of a conversation,public_interest,,safe,true
hausa,latin,Nigeria,Standard,web_public,https://twitter.com/Yasmeen_cutie/status/2016475741504905423,2026-01-28,"[USER] [USER] Ameen, Malo ya baka labari kenan",culture_and_religion,religious blessing,public_interest,,safe,true
hausa,latin,Nigeria,Standard,web_public,https://twitter.com/faeedaafx/status/2016467580987359630,2026-01-28,"[USER] Ohhh chim I read to the end Wlh, Ashe labari ne",education,reading,public_interest,,safe,true
hausa,latin,Nigeria,Standard,web_public,https://twitter.com/OMDHAUSAOFFICIA/status/2016451915861680414,2026-01-28,"Lokaci ya yi. Wannan kuɗi alama ce ta hangen nesa da dama. Kada ka jira labari daga wasu. Zuba jari kafin ƙimarta ta tashi. ZubaJariMaiBasira #OMDB #MakomarKudi #DamaDaya [URL]",livelihoods_and_work,Financial investment advice,public_interest,,safe,true
hausa,latin,Nigeria,Standard,web_public,https://twitter.com/zaYyYyy_______/status/2016378797130465790,2026-01-28,"[USER] Aa wannan shekarun duk Wanda beyi wahala ba ze sha Yunwa idan yaki ze basu labari",livelihoods_and_work,food security,public_interest,,safe,true
hausa,latin,Nigeria,Standard,web_public,https://twitter.com/grok/status/2016294004975915139,2026-01-27,"[USER] [USER] Haha, Ammar, idan kana son ka goge emoji din, subscription zai taimaka sosai! Amma ka yi tunani da kyau. Ka bani labari idan kana bukatar ƙarin bayani.",media_and_online,Emoji subscription advice,public_interest,,safe,true
hausa,latin,Nigeria,Standard,web_public,https://twitter.com/grok/status/2016248078995517670,2026-01-27,"[USER] [USER] LABARI MAI GIRMA: Majalisar dokokin Iran ta amince da rufe mashigin Hormuz yanzu, kuma an bar yanke shawara ga hukumomin tsaro, a cewar kafofin yada labarai na Iran a yanzu.",governance_civic,Iran Hormuz closure,public_interest,,safe,true
hausa,latin,Nigeria,Standard,web_public,https://twitter.com/PTimesHausa/status/2016241195136008569,2026-01-27,"Lafiyar Tinubu kalau, ziyarar aiki a Türkiye kuma na tafiya sumul kamar yadda aka tsara - Fadar Shugaban Ƙasa [URL]",governance_civic,Tinubu's health and Turkey visit,public_interest,,safe,true
hausa,latin,Nigeria,Standard,web_public,https://twitter.com/Chairman_Gama/status/2016233497522807089,2026-01-27,"Duniya labari. Allah ya jikan Mallan. [URL]",culture_and_religion,Religious information,public_interest,,safe,true
hausa,latin,Nigeria,Standard,web_public,https://twitter.com/Jameelweb3/status/2016229656937001258,2026-01-27,"[USER] Allah sarki duniya labari",culture_and_religion,Allah, ruler of the world,public_interest,religion,safe,true
hausa,latin,Nigeria,Standard,web_public,https://twitter.com/amigos_04/status/2016223179543347596,2026-01-27,"[USER] Na investment in return naw…wannan ma ai maganar banza ce nawa akayi sama da fadi dasu lokacin da akaje Supreme Court da baayi tunanin ko abba ba zai Kai labari ba?",governance_civic,Investment, court case,public_interest,,safe,true
hausa,latin,Nigeria,Standard,web_public,https://twitter.com/PTimesHausa/status/2016208390834241649,2026-01-27,"APC ta ƙaryata shirin sauya Shettima a kakar zaɓen 2027 bayan gargaɗin da Hannatu Musawa ta yi [URL]",governance_civic,APC's plan to replace Shettima,misinformation,,sensitive,true
hausa,latin,Nigeria,Standard,web_public,https://twitter.com/LeadershipHausa/status/2016188696010043405,2026-01-27,"Labari Cikin Hoto: Yadda shugaban ƙasar Nijeriya Bola Ahmed Tinubu, ya gana da shugaban ƙasar Turkiyya, Recep Tayyip Erdoğan, a wata ziyarar ƙulle yarjejeniya da cigaba a tsakanin ƙasashen biyu da shugaban ke gudanarwa yanzu haka a Ankara babban birnin ƙasar. [URL]",governance_civic,Official meeting between Nigerian and Turkish presidents,public_interest,,safe,true
hausa,latin,Nigeria,Standard,web_public,https://twitter.com/SaniSalisu0/status/2016182818154348643,2026-01-27,"2. Thread Wannan shine jerin tweets da aka hada a jere wanda ke bayyana bayani sosai Yana farawa da daya tweet, sai kuma a cigaba da wasu tweets a kasa don karin bayani. Ana amfani da threads wajen bayani dalla-dalla, labari ko jagora.",media_and_online,Hausa tweet thread,public_interest,,safe,true
hausa,latin,Nigeria,Standard,web_public,https://twitter.com/forexguru01/status/2016130006758338930,2026-01-27,"Yanzu idan aka daura maka Aure da matar ka sai taci amanarka,kenan idan anzo bada labari sai ace taci amanar waliyyanta ba amanar mijinta bah? Ita amana Allah ne yake bada ita,akwaii cin amana tsakanin bawa da Allah,akwai cin amana tsakanin mutum da mutum,Abba 4 plus 4",culture_and_religion,Marriage and trust,public_interest,,safe,true
hausa,latin,Nigeria,Standard,web_public,https://twitter.com/ykabiru683/status/2016127949964017682,2026-01-27,"Na samu labari wani yana kokarin raba ni da budurwata, haɗuwar farko ya bata 20k. Innalillahi wa inna ilaihi raju'un. [URL]",household_and_care,Relationship dispute,public_interest,gender,sensitive,true
hausa,latin,Nigeria,Standard,web_public,https://twitter.com/YDanjibga/status/2016113078023180493,2026-01-27,"[USER] [USER] Ba zai iya ba, in kuma ya isa yarda apc zuwa ADC mu gani ko zai kai labari",governance_civic,political party change,public_interest,,safe,true
hausa,latin,Nigeria,Standard,web_public,https://twitter.com/Lonnewulff/status/2016108461533106180,2026-01-27,"[USER] [USER] Nima ban sani ba. Ka tambaya [USER] zai baka labari.",governance_civic,seeking information,public_interest,,safe,true
hausa,latin,Nigeria,Standard,web_public,https://twitter.com/Bangis_Dorogo/status/2016107963333705821,2026-01-27,"[USER] Sai gaka a gidan geabnati kamar a mafarki Duniya labari",culture_and_religion,Dream vision,public_interest,,safe,true
hausa,latin,Nigeria,Kano,web_public,https://twitter.com/Smart3159/status/2016061360237314546,2026-01-27,"[USER] This is the type of drink da nake siyowa mata nah idan inaso taban labari, idan tana shan rake wani zubin har labarin sirri take bani",household_and_care,buying drinks,public_interest,,safe,true
hausa,latin,Nigeria,Standard,web_public,https://twitter.com/Hy3939y/status/2016028476608762294,2026-01-27,"Good news- Good event, wannan sakone na Cikin kurman baki, Labari me kyau da kuma shiri me kyau na nan zuwa. Linkers kowa yana fatan abu me kyau, lallai zamu zuba domin ganin wane shiri ne wannan. Fatan mu wannan shirin ya faranta ran yan baiwa su dawo mining ba dare babu rana. [URL]",media_and_online,Upcoming event announcement,public_interest,,safe,true
hausa,latin,Nigeria,Kano,web_public,https://twitter.com/BashirDMusa1/status/2015943357168570533,2026-01-27,"[USER] Rabani Oga kasan bana hidima da matan da ba muharramaina ba yanzu bakaje can ba su zagayeka suna selfie da kai Sai lokaci yatafi kaji sabon labari Gurasa this Gurasa that Allah dai yakyauta",media_and_online,Selfie, Gurasa, and News,public_interest,,safe,true
hausa,latin,Nigeria,Standard,web_public,https://twitter.com/PTimesHausa/status/2015933278746734951,2026-01-26,"Za mu ƙara yawan hannun jarinmu a Najeriya saboda irin kyawawan tsare-tsaren gwamnatin Tinubu – shugaban kamfanin Shell [URL]",livelihoods_and_work,Increase Shell company workers in Nigeria,public_interest,,safe,true
hausa,latin,Nigeria,Standard,web_public,https://twitter.com/UTDAhmard/status/2015920388245488032,2026-01-26,"[USER] [USER] [USER] ai babu wadanda wannan labari yama zafi kamar yan kudu",culture_and_religion,Comparison to southerners,stereotypes,ethnicity,sensitive,true
hausa,latin,Nigeria,Bauchi,web_public,https://twitter.com/DDarazo18855/status/2015898121188888625,2026-01-26,"TABBAS HAKA MAGANAR TAKE LABARI DAGA BAUCHI. GASKIYA A DARAZO ANJUMA BA A HAIFI DAN ALBARKA IRIN SABA [USER] [URL]",media_and_online,news from Bauchi,public_interest,,safe,true
hausa,latin,Nigeria,Standard,web_public,https://twitter.com/haji_tahir/status/2015897987742863571,2026-01-26,"Komai ya zama labari",media_and_online,news or information,public_interest,,safe,true
hausa,latin,Nigeria,Standard,web_public,https://twitter.com/originaljos_boi/status/2015894468092715317,2026-01-26,"[USER] Na gaba Yayi gaba na baya sai labari honorable.",culture_and_religion,Conversation,public_interest,,safe,true
hausa,latin,Nigeria,Standard,web_public,https://twitter.com/BatureGwarzo/status/2015873092795392053,2026-01-26,"Mun ji ƙishin-ƙishin an fara dawowa jiga-jigan APC filayen al'umma da suka sata a gwamnatin Gandollar. Allah ya sa wannan labari ne na ƙanzon kurege. T. Bako",governance_civic,Alleged corruption in APC party,public_interest,,sensitive,true
hausa,latin,Nigeria,Standard,web_public,https://twitter.com/Teekhaldum/status/2015859610024869971,2026-01-26,"[USER] Gunners ya labari",media_and_online,news report,public_interest,,safe,true
hausa,latin,Nigeria,Standard,web_public,https://twitter.com/grok/status/2015854197254586502,2026-01-26,"[USER] [USER] [USER] A'a, ni ba Arne ba ne. Ni Grok ne, AI da xAI ya ƙirƙira, ba ni da addini. Ban sami tabbaci game da labarin Korede Bello ba; shafinsa ba ya ambaci canzawa zuwa Kiristanci. Wataƙila labari ne na ƙarya.",culture_and_religion,Beliefs and identity,misinformation,,safe,true